pairID,documentID,segmentID,hitType,source,target,sourceLemmatized,targetLemmatized,jaccardDistance,sureAlignments,possAlignments,sourceHighlights,targetHighlights,answerSureAlignments,answerPossAlignments,answerSourceHighlights,answerTargetHighlights
chtb_324-10-5,sent,10,real,`` they train mostly indoors back in china .,they do much more training indoor at home .,`` they train mostly indoors back in china .,they do much more training indoor at home .,0.875,8-8 2-4 4-5 5-7 ,{},{},{},{},{},{},{}
news-C:2058,news-C:2058,,test,"police searched Tanzi 's home near Parma on Wednesday , and prosecutors had sought to interrogate him that day only to find he had left Italy for an undisclosed foreign country .","magistrates searched Tanzi 's home near Parma on Wednesday and tried to question him the same day , only to find he had left Italy for an undisclosed foreign country .","police search tanzi 's home near parma on wednesday , and prosecutor have seek to interrogate him that day only to find he have leave italy for an undisclosed foreign country .","magistrate search tanzi 's home near parma on wednesday and try to question him the same day , only to find he have leave italy for an undisclosed foreign country .",0.2857142857142857,31-30 19-18 20-19 21-20 22-21 23-22 24-23 25-24 26-25 27-26 28-27 29-28 30-29 1-1 2-2 3-3 4-4 5-5 6-6 7-7 8-8 15-12 14-11 16-13 13-10 18-16 ,{},{},{},1-1 2-2 3-3 4-4 5-5 6-6 7-7 8-8 10-9 14-11 15-12 16-13 17-14 17-15 18-16 19-18 20-19 21-20 22-21 23-22 24-23 25-24 26-25 27-26 28-27 29-28 30-29 31-30 ,0-0 11-0 12-10 13-10 ,{},{}
news-C:1468,news-C:1468,,test,the measures could be taken up by the full Senate as early as Friday .,Ratliff said he hopes to bring the two measures to the full Senate by Friday .,the measure could be take up by the full senate as early a friday .,ratliff say he hop to bring the two measure to the full senate by friday .,0.6666666666666667,14-15 7-10 8-11 9-12 13-14 1-8 0-6 4-5 6-13 ,{},{},{},0-6 1-8 7-10 8-11 9-12 10-13 11-13 12-13 13-14 14-15 ,2-3 2-4 2-5 2-9 3-3 3-4 3-5 3-9 4-3 4-4 4-5 4-9 5-3 5-4 5-5 5-9 6-3 6-4 6-5 6-9 ,{},{}
news-C:95,news-C:95,,test,but he added that the New York-based actor and producer is '' a private person and does n't care to have his treatment out for public consumption '' .,but he added that De Niro is '' a private person and does n't care to have his treatment out for public consumption '' .,but he add that the new york-based actor and producer be '' a private person and do n't care to have his treatment out for public consumption '' .,but he add that de niro be '' a private person and do n't care to have his treatment out for public consumption '' .,0.24137931034482762,28-24 10-6 11-7 12-8 13-9 14-10 15-11 16-12 17-13 18-14 19-15 20-16 21-17 22-18 23-19 24-20 25-21 26-22 27-23 0-0 1-1 2-2 3-3 ,{},{},{},0-0 1-1 2-2 3-3 10-6 11-7 12-8 13-9 14-10 15-11 16-12 17-13 18-14 19-15 20-16 21-17 22-18 23-19 24-20 25-21 26-22 27-23 28-24 ,4-4 4-5 5-4 5-5 6-4 6-5 7-4 7-5 8-4 8-5 9-4 9-5 ,{},{}
news-C:659,news-C:659,,test,U.S. corporate bond yield spreads tightened in spotty trading on Friday as Wall Street labored to get back on its feet after the largest power outage ever in North America .,"U.S. stocks rose slightly on feather-light volume on Friday , as Wall Street regrouped after the biggest-ever power outage in North America .",u.s. corporate bond yield spread tighten in spotty trading on friday a wall street labor to get back on it foot after the large power outage ever in north america .,"u.s. stock rise slightly on feather-light volume on friday , a wall street regroup after the biggest-ever power outage in north america .",0.6216216216216216,30-22 27-19 28-20 29-21 11-10 12-11 13-12 9-7 10-8 21-14 22-15 24-17 25-18 0-0 26-16 ,{},{},{},0-0 1-1 2-1 9-7 10-8 11-10 12-11 13-12 21-14 22-15 23-16 24-17 25-18 26-16 27-19 28-20 29-21 30-22 ,3-2 3-3 3-4 3-5 3-6 4-2 4-3 4-4 4-5 4-6 5-2 5-3 5-4 5-5 5-6 6-2 6-3 6-4 6-5 6-6 7-2 7-3 7-4 7-5 7-6 8-2 8-3 8-4 8-5 8-6 14-13 15-13 16-13 17-13 18-13 19-13 20-13 ,{},{}
news-C:772,news-C:772,,test,the decision unnerved voting officials who already have been warning that they have barely enough time to organize the election before the balloting is scheduled to begin .,the decision unnerved voting officials who already have been warning they have barely enough time to organize the election .,the decision unnerve voting official who already have be warn that they have barely enough time to organize the election before the balloting be schedule to begin .,the decision unnerve voting official who already have be warn they have barely enough time to organize the election .,0.21739130434782605,27-19 0-0 1-1 2-2 3-3 4-4 5-5 6-6 7-7 8-8 9-9 11-10 12-11 13-12 14-13 15-14 16-15 17-16 18-17 19-18 ,{},{},{},0-0 1-1 2-2 3-3 4-4 5-5 6-6 7-7 8-8 9-9 11-10 12-11 13-12 14-13 15-14 16-15 17-16 18-17 19-18 27-19 ,{},{},{}
news-C:2746,news-C:2746,,test,"'' the message is : if an individual is thinking of getting a flu shot , they should n't wait .","'' the message to the public is : if you are thinking of getting a flu shot , do n't wait any longer '' , he said .","'' the message be : if an individual be think of get a flu shot , they should n't wait .","'' the message to the public be : if you be think of get a flu shot , do n't wait any long '' , he say .",0.4285714285714286,20-27 8-10 9-11 10-12 11-13 12-14 13-15 14-16 15-17 0-0 1-1 2-2 3-6 4-7 5-8 18-19 19-20 ,{},{},{},0-0 1-1 2-2 3-6 4-7 5-8 8-10 9-11 10-12 11-13 12-14 13-15 14-16 15-17 17-18 17-19 18-18 18-19 19-20 19-21 19-22 ,6-9 7-9 ,{},{}
news-C:1211,news-C:1211,,test,seven of the nine Democratic presidential candidates were also scheduled to address the forum .,seven of nine Democratic candidates for president also said they would participate in the conference Monday .,seven of the nine democratic presidential candidate be also schedule to address the forum .,seven of nine democratic candidate for president also say they would participate in the conference monday .,0.6521739130434783,14-16 0-0 1-1 3-2 4-3 6-4 5-6 8-7 ,{},{},{},0-0 1-1 3-2 4-3 6-4 8-7 12-13 13-14 14-16 ,5-5 5-6 7-8 7-9 7-10 7-11 7-12 9-8 9-9 9-10 9-11 9-12 10-8 10-9 10-10 10-11 10-12 11-8 11-9 11-10 11-11 11-12 ,{},{}
VOM19981230_0700_0515-1-13,sent,1,real,disagreement occurred among several key u.s. republican congressmen over president clinton &apos;s impeachment trial .,keymen of the senators of the us disagreed on how to impeach president clinton .,disagreement occur among several key u.s. republican congressman over president clinton &apos;s impeachment trial .,keymen of the senator of the u disagree on how to impeach president clinton .,0.88,14-14 9-12 10-13 12-11 5-6 7-3 0-7 ,{},{},{},{},{},{},{}
news-C:1429,news-C:1429,,test,"under the 1973 Roe vs. Wade ruling , before a fetus could live outside the womb , the abortion decision was left to the woman and her physician .","under the original Roe v. Wade ruling , the abortion decision was left to the woman and her physician before a fetus could live outside the womb .","under the 1973 roe vs. wade ruling , before a fetus could live outside the womb , the abortion decision be leave to the woman and her physician .","under the original roe v. wade ruling , the abortion decision be leave to the woman and her physician before a fetus could live outside the womb .",0.14814814814814814,28-27 16-7 17-8 18-9 19-10 20-11 21-12 22-13 23-14 24-15 25-16 26-17 27-18 8-19 9-20 10-21 11-22 12-23 13-24 14-25 15-26 5-5 6-6 0-0 1-1 3-3 4-4 ,{},{},{},0-0 1-1 3-3 4-4 5-5 6-6 8-19 9-20 10-21 11-22 12-23 13-24 14-25 15-26 16-7 17-8 18-9 19-10 20-11 21-12 22-13 23-14 24-15 25-16 26-17 27-18 28-27 ,2-2 ,{},{}
news-C:631,news-C:631,,test,"Mr. Bloomberg later told reporters that the agreement '' will be a compromise , like the real world requires '' .","'' it will be a compromise , like the real world requires '' , he said .","mr. bloomberg later tell reporter that the agreement '' will be a compromise , like the real world require '' .","'' it will be a compromise , like the real world require '' , he say .",0.4545454545454546,20-16 9-2 10-3 11-4 12-5 13-6 14-7 15-8 16-9 17-10 18-11 19-12 3-15 8-0 ,{},{},{},3-15 4-15 5-15 8-0 9-2 10-3 11-4 12-5 13-6 14-7 15-8 16-9 17-10 18-11 20-13 ,0-14 1-14 6-1 7-1 ,{},{}
news-C:1554,news-C:1554,,test,prosecutors said the investment was a breach of duty and resulted in the pension fund immediately losing $ 1 million .,the indictment says the investment was a breach of fiduciary duties and resulted in the state pension fund immediately losing $ 1 million .,prosecutor say the investment be a breach of duty and result in the pension fund immediately lose $ 1 million .,the indictment say the investment be a breach of fiduciary duty and result in the state pension fund immediately lose $ 1 million .,0.17391304347826086,20-23 13-16 14-17 15-18 16-19 17-20 18-21 19-22 1-2 2-3 3-4 4-5 5-6 6-7 7-8 8-10 9-11 10-12 11-13 12-14 ,{},{},{},0-0 0-1 2-3 3-4 4-5 5-6 6-7 7-8 8-10 9-11 10-12 11-13 12-14 13-16 14-17 15-18 16-19 17-20 18-21 19-22 20-23 ,1-2 ,{},{}
VOM19981115_0700_0898-8-24,sent,8,real,then the army drove an armored personnel carrier to save this badly wounded person .,later the soldiers rescued the seriously injured man with an armed transport vehicle .,then the army drive an armored personnel carrier to save this badly wound person .,later the soldier rescue the seriously injured man with an armed transport vehicle .,0.88,14-13 13-7 11-5 12-6 9-3 2-10 7-11 ,{},{},{},{},{},{},{}
news-C:523,news-C:523,,test,"he was sent to Larned State Hospital , where he was evaluated and treated .",he ordered him sent to the Larned State Security Hospital for continued evaluation and treatment .,"he be send to larn state hospital , where he be evaluate and treat .",he order him send to the larned state security hospital for continued evaluation and treatment .,0.6818181818181819,14-15 2-3 3-4 5-7 6-9 4-6 11-12 13-14 12-13 0-2 ,{},{},{},2-3 3-4 4-6 5-7 6-9 12-13 14-15 ,0-2 1-1 1-2 9-2 11-12 13-14 ,{},{}
news-C:429,news-C:429,,test,"they passed through the Lemelson Medical , Educational and Research Foundation limited partnership in 2001 to Syndia .","it said the patents were '' allegedly '' assigned to Syndia in 2001 through the Lemelson Medical , Educational and Research Foundation Limited Partnership .","they pass through the lemelson medical , educational and research foundation limit partnership in 2001 to syndia .","it say the patent be '' allegedly '' assign to syndia in 2001 through the lemelson medical , educational and research foundation limit partnership .",0.36,17-24 2-13 3-14 4-15 5-16 6-17 7-18 8-19 9-20 10-21 11-22 12-23 13-11 14-12 15-9 16-10 ,{},{},{},1-8 2-13 3-14 4-15 5-16 6-17 7-18 8-19 9-20 10-21 11-22 12-23 13-11 14-12 15-9 16-10 17-24 ,0-2 0-3 ,{},{}
news-C:2128,news-C:2128,,test,"the intelligence service , headed by Fujimori 's spy chief , Vladimiro Montesinos , was accused of torture , drug trafficking and disappearances .","the head of the intelligence service under Mr. Fujimori , Vladimiro Montesinos , was accused of tortures and disappearances .","the intelligence service , head by fujimori 's spy chief , vladimiro montesinos , be accuse of torture , drug trafficking and disappearance .","the head of the intelligence service under mr. fujimori , vladimiro montesinos , be accuse of torture and disappearance .",0.34782608695652173,23-19 10-9 11-10 12-11 13-12 14-13 15-14 16-15 17-16 0-3 1-4 2-5 21-17 22-18 4-1 6-8 ,{},{},{},0-3 1-4 2-5 6-7 6-8 7-6 10-9 11-10 12-11 13-12 14-13 15-14 16-15 17-16 21-17 22-18 23-19 ,4-0 4-1 4-2 5-0 5-1 5-2 ,{},{}
news-C:322,news-C:322,,test,"consumers who said jobs are difficult to find jumped from 29.4 to 32.6 , while those claiming work was plentiful slipped from 13 to 12.6 .","consumers who said jobs are difficult to find jumped to 32.6 from 29.4 , while those saying work was plentiful slipped to 12.6 from 13 in April .","consumer who say job be difficult to find jumped from 29.4 to 32.6 , while those claim work be plentiful slip from 13 to 12.6 .","consumer who say job be difficult to find jumped to 32.6 from 29.4 , while those say work be plentiful slip to 12.6 from 13 in april .",0.125,25-27 0-0 1-1 2-2 3-3 4-4 5-5 6-6 7-7 8-8 17-17 18-18 19-19 20-20 13-13 14-14 15-15 9-11 10-12 11-9 12-10 21-23 22-24 23-21 24-22 16-16 ,{},{},{},0-0 1-1 2-2 3-3 4-4 5-5 6-6 7-7 8-8 9-11 10-12 11-9 12-10 13-13 14-14 15-15 16-16 17-17 18-18 19-19 20-20 21-23 22-24 23-21 24-22 25-27 ,{},{},{}
news-C:2711,news-C:2711,,test,"Gregory Parseghian , a former investment banker , was appointed chief executive .",Greg Parseghian was appointed the new chief executive .,"gregory parseghian , a former investment banker , be appoint chief executive .",greg parseghian be appoint the new chief executive .,0.6,12-8 10-6 11-7 8-2 9-3 1-1 ,{},{},{},0-0 1-1 8-2 9-3 10-6 11-7 12-8 ,{},{},{}
news-C:852,news-C:852,,test,they used discarded skin from consenting patients who had undergone surgery and exposed it to UVA light at intensities similar to that of sunlight .,Sanders and colleagues at RAFT exposed skin samples removed from consenting patients during surgery to UVA light at intensities similar to that of sunlight .,they use discard skin from consent patient who have undergone surgery and expose it to uva light at intensity similar to that of sunlight .,sander and colleague at raft expose skin sample remove from consent patient during surgery to uva light at intensity similar to that of sunlight .,0.43333333333333335,24-24 14-14 15-15 16-16 17-17 18-18 19-19 20-20 21-21 22-22 23-23 4-9 5-10 6-11 3-6 10-13 12-5 ,{},{},{},3-6 3-7 4-8 4-9 5-10 6-11 10-13 12-5 14-14 15-15 16-16 17-17 18-18 19-19 20-20 21-21 22-22 23-23 24-24 ,0-0 0-1 0-2 7-12 8-12 9-12 13-6 13-7 ,{},{}
news-C:936,news-C:936,,test,supporters say a city casino will attract tourists and conventioneers who will gamble and spend money in restaurants and stores .,supporters say those people will gamble and have enough money left over to spend in restaurants and stores .,supporter say a city casino will attract tourist and conventioneer who will gamble and spend money in restaurant and store .,supporter say those people will gamble and have enough money leave over to spend in restaurant and store .,0.56,20-18 16-14 17-15 18-16 19-17 11-4 12-5 13-6 0-0 1-1 14-13 15-9 ,{},{},{},0-0 1-1 11-4 12-5 13-6 14-13 15-9 16-14 17-15 18-16 19-17 20-18 ,7-2 7-3 8-2 8-3 9-2 9-3 ,{},{}
news-C:2035,news-C:2035,,test,initial reports indicated the shots had been fired from inside a mosque .,"according to Central Command 's initial reports , the attackers fired from a mosque in the city .",initial report indicate the shot have be fire from inside a mosque .,"accord to central command 's initial report , the attacker fire from a mosque in the city .",0.6363636363636364,12-17 0-5 1-6 7-10 8-11 10-12 11-13 ,{},{},{},0-5 1-6 7-10 8-11 10-12 11-13 12-17 ,2-0 2-1 ,{},{}
news-C:2168,news-C:2168,,test,it was the first speech by a US president to a joint session of the Philippines Congress since 1960 .,President Bush on Saturday became the first American president to address a joint session of the Philippine National Congress since Dwight Eisenhower in 1960 .,it be the first speech by a u president to a joint session of the philippine congress since 1960 .,president bush on saturday become the first american president to address a joint session of the philippine national congress since dwight eisenhower in 1960 .,0.5357142857142857,19-24 10-11 11-12 12-13 13-14 14-15 15-16 2-5 3-6 8-8 9-9 16-18 17-19 18-23 7-7 4-10 ,{},{},{},1-4 2-5 3-6 7-7 8-8 9-9 10-11 11-12 12-13 13-14 14-15 15-16 16-18 17-19 18-23 19-24 ,4-10 7-0 7-1 8-0 8-1 ,{},{}
VOM19981230_0700_0515-1-20,sent,1,real,several key figures of republicans in u.s. congress have opposing views about the impeachment proceedings .,keymen of the senators of the us disagreed on how to impeach president clinton .,several key figure of republican in u.s. congress have oppose view about the impeachment proceeding .,keymen of the senator of the u disagree on how to impeach president clinton .,0.8846153846153846,15-14 13-11 6-6 ,{},{},{},{},{},{},{}
news-C:178,news-C:178,,test,"Ryan Harvey , an outfielder from Dunedin high school in Florida , was selected with the sixth pick by the Chicago Cubs .","Ryan Harvey , a high school outfielder from Florida , was chosen sixth by the Cubs .","ryan harvey , an outfielder from dunedin high school in florida , be select with the sixth pick by the chicago cub .","ryan harvey , a high school outfielder from florida , be choose sixth by the cub .",0.3913043478260869,22-16 0-0 1-1 2-2 10-8 11-9 12-10 7-4 8-5 4-6 5-7 18-13 19-14 21-15 16-12 13-11 3-3 ,{},{},{},0-0 1-1 2-2 3-3 4-6 5-7 7-4 8-5 10-8 11-9 12-10 13-11 16-12 18-13 19-14 20-15 21-15 22-16 ,{},{},{}
news-C:1268,news-C:1268,,test,the findings were reported online in the June 1 edition of scientific journal Nature Medicine .,the findings are published in today 's edition of the journal Nature Medicine .,the finding be report online in the june 1 edition of scientific journal nature medicine .,the finding be publish in today 's edition of the journal nature medicine .,0.4444444444444444,15-13 12-10 13-11 14-12 0-0 1-1 2-2 9-7 10-8 5-4 ,{},{},{},0-0 1-1 3-3 5-4 6-6 9-7 10-8 12-10 13-11 14-12 15-13 ,2-2 7-5 8-5 ,{},{}
news-C:2719,news-C:2719,,test,analysts attributed the increase in part to negative news from bankrupt competitor WorldCom Inc. WCOEQ.PK and talk that AT&T could be a takeover target .,"analysts attributed its rise to negative news from bankrupt competitor WorldCom Inc. WCOEQ.PK and talk that AT&T could be a takeover target , among other factors .",analyst attribute the increase in part to negative news from bankrupt competitor worldcom inc. wcoeq.pk and talk that at & t could be a takeover target .,"analyst attribute it rise to negative news from bankrupt competitor worldcom inc. wcoeq.pk and talk that at & t could be a takeover target , among other factor .",0.303030303030303,26-28 6-4 7-5 8-6 9-7 10-8 11-9 12-10 13-11 14-12 15-13 16-14 17-15 18-16 19-17 20-18 21-19 22-20 23-21 24-22 25-23 0-0 1-1 3-3 ,{},{},{},0-0 1-1 2-2 3-3 4-23 4-24 4-25 5-23 5-24 5-25 6-4 7-5 8-6 9-7 10-8 11-9 12-10 13-11 15-13 16-14 17-15 18-16 19-17 20-18 21-19 22-20 23-21 24-26 ,{},{},{}
news-C:79,news-C:79,,test,the decision to issue new guidance has been prompted by intelligence passed to Britain by the FBI in a secret briefing in late July .,Scotland Yard 's decision to issue new guidance has been prompted by new intelligence passed to Britain by the FBI in late July .,the decision to issue new guidance have be prompt by intelligence pass to britain by the fbi in a secret briefing in late july .,scotland yard 's decision to issue new guidance have be prompt by new intelligence pass to britain by the fbi in late july .,0.25,24-23 1-3 2-4 3-5 4-6 5-7 6-8 7-9 8-10 9-11 10-13 11-14 12-15 13-16 14-17 15-18 16-19 17-20 22-21 23-22 ,{},{},{},1-3 2-4 3-5 4-6 5-7 6-8 7-9 8-10 9-11 10-13 11-14 12-15 13-16 14-17 15-18 16-19 21-20 22-21 23-22 24-23 ,{},{},{}
news-C:298,news-C:298,,test,"another brother , Ali Imron , was sentenced to life in prison after cooperating with investigators and showing remorse .","another brother , Ali Imron , received a life sentence after he cooperated with the authorities and expressed remorse .","another brother , ali imron , be sentence to life in prison after cooperate with investigator and show remorse .","another brother , ali imron , receive a life sentence after he cooperate with the authority and express remorse .",0.48,19-19 0-0 1-1 2-2 3-3 4-4 5-5 13-12 14-13 18-18 17-17 7-9 9-8 12-10 16-16 ,{},{},{},0-0 1-1 2-2 3-3 4-4 5-5 6-6 6-7 6-8 6-9 7-6 7-7 7-8 7-9 8-6 8-7 8-8 8-9 9-6 9-7 9-8 9-9 10-6 10-7 10-8 10-9 11-6 11-7 11-8 11-9 12-10 13-12 14-13 15-15 16-16 17-17 18-18 19-19 ,{},{},{}
news-C:1347,news-C:1347,,test,"buyers can purchase a Windows- and Office-loaded desktop for $ 298 , excluding taxes , the report said .","buyers can now choose a Windows- and Office-loaded desktop for 12,390 baht -LRB- US$ 298 -RRB- , excluding taxes , the report said .","buyer can purchase a windows- and office-loaded desktop for $ 298 , exclude tax , the report say .","buyer can now choose a windows- and office-loaded desktop for 12,390 baht -lrb- u $ 298 -rrb- , exclude tax , the report say .",0.31999999999999995,19-25 12-18 13-19 14-20 15-21 16-22 17-23 18-24 3-4 4-5 5-6 6-7 7-8 8-9 9-10 0-0 1-1 10-15 11-16 ,{},{},{},0-0 1-1 2-3 3-4 4-5 5-6 6-7 7-8 8-9 9-13 10-14 11-16 12-17 13-18 14-19 15-20 16-21 17-22 18-23 ,{},{},{}
news-C:264,news-C:264,,test,"Seattle deputy police chief Clark Kimerer said the exercise here went well , with some aspects , including the communication system linking various agencies , working better than expected .","police deputy chief Clark Kimerer said the exercise went well , with some aspects , including the communication system between varying agencies , working better than expected .","seattle deputy police chief clark kimerer say the exercise here go well , with some aspect , include the communication system link various agency , work good than expect .","police deputy chief clark kimerer say the exercise go well , with some aspect , include the communication system between vary agency , work good than expect .",0.2068965517241379,29-27 10-8 11-9 12-10 13-11 14-12 15-13 16-14 17-15 18-16 19-17 20-18 23-21 24-22 25-23 26-24 27-25 28-26 3-2 4-3 5-4 6-5 7-6 8-7 22-20 1-1 2-0 ,{},{},{},1-1 2-0 3-2 4-3 5-4 6-5 7-6 8-7 10-8 11-9 12-10 13-11 14-12 15-13 16-14 17-15 18-16 19-17 20-18 21-19 22-20 23-21 24-22 25-23 26-24 27-25 28-26 29-27 ,{},{},{}
news-C:1017,news-C:1017,,test,the vast majority of trades will be priced at 20 cents per contract or less depending on participation in incentive schemes '' .,Eurex said '' the vast majority '' of trades on Eurex US would be priced at 20 cents per contract or less depending on '' participation in incentive schemes '' .,the vast majority of trade will be price at 20 cent per contract or less depend on participation in incentive scheme '' .,eurex say '' the vast majority '' of trade on eurex u would be price at 20 cent per contract or less depend on '' participation in incentive scheme '' .,0.18518518518518523,22-30 6-13 7-14 8-15 9-16 10-17 11-18 12-19 13-20 14-21 15-22 16-23 17-25 18-26 19-27 20-28 21-29 0-3 1-4 2-5 3-7 4-8 ,{},{},{},0-3 1-4 2-5 3-7 4-8 5-12 6-13 7-14 8-15 9-16 10-17 11-18 12-19 13-20 14-21 15-22 16-23 17-25 18-26 19-27 20-28 22-29 ,{},{},{}
news-C:2341,news-C:2341,,test,activists say they fear the gathering is an attempt by corporate farming to push bio-engineered crops on starving countries .,"instead , they fear the conference is an attempt by corporate farming and biotech interests to push into new markets .",activist say they fear the gathering be an attempt by corporate farming to push bio-engineered crop on starve country .,"instead , they fear the conference be an attempt by corporate farming and biotech interest to push into new market .",0.5862068965517242,19-20 6-6 7-7 8-8 9-9 10-10 11-11 2-2 3-3 4-4 12-15 13-16 ,{},{},{},2-2 3-3 4-4 5-5 6-6 7-7 8-8 9-9 10-10 11-11 12-15 13-16 16-17 19-20 ,0-2 14-13 17-18 17-19 18-18 18-19 ,{},{}
news-C:1489,news-C:1489,,test,Republican officials said the advertising buy was proof that Democrats are panicking that they were losing their stature on Medicare .,Republican officials said the advertisements were proof that Democrats were panicking about losing their stature on Medicare .,republican official say the advertising buy be proof that democrat be panic that they be lose their stature on medicare .,republican official say the advertisement be proof that democrat be panic about lose their stature on medicare .,0.25,20-17 6-5 7-6 8-7 9-8 10-9 11-10 15-12 16-13 17-14 18-15 19-16 0-0 1-1 2-2 3-3 4-4 ,{},{},{},0-0 1-1 2-2 3-3 4-4 5-4 6-5 7-6 8-7 9-8 11-10 12-11 15-12 16-13 17-14 18-15 19-16 20-17 ,10-9 ,{},{}
chtb_263-4-17,sent,4,real,the conference also identified that transportation is the key area for cooperation .,"in this meeting , the traffic was confirmed as one of the important items in sub-regional co-operation .",the conference also identify that transportation be the key area for cooperation .,"in this meeting , the traffic be confirm a one of the important item in sub-regional co-operation .",0.88,12-17 11-16 1-2 5-5 8-12 6-6 7-11 ,{},{},{},{},{},{},{}
news-C:626,news-C:626,,test,"American forces here organized the elections , which officials say are important steps toward establishing democracy in Iraq .","U.S. forces organized the elections , which officials said were a step toward establishing democracy in the nation .","american force here organize the election , which official say be important step toward establish democracy in iraq .","u.s. force organize the election , which official say be a step toward establish democracy in the nation .",0.31818181818181823,18-18 3-2 4-3 5-4 6-5 7-6 8-7 9-8 10-9 12-11 13-12 14-13 15-14 16-15 1-1 0-0 ,{},{},{},0-0 1-1 3-2 4-3 5-4 6-5 7-6 8-7 12-11 13-12 14-13 15-14 16-15 18-18 ,9-8 10-9 17-16 17-17 ,{},{}
news-C:326,news-C:326,,test,"'' I think it happened very quickly '' , Houston Police Department homicide investigator Phil Yochum said of the crime .","'' I think it happened very quickly '' , said Investigator Phil Yochum of the Houston Police Department 's homicide division .","'' i think it happen very quickly '' , houston police department homicide investigator phil yochum say of the crime .","'' i think it happen very quickly '' , say investigator phil yochum of the houston police department 's homicide division .",0.13636363636363635,20-21 0-0 1-1 2-2 3-3 4-4 5-5 6-6 7-7 8-8 9-15 10-16 11-17 13-10 14-11 15-12 17-13 18-14 16-9 12-19 ,{},{},{},0-0 1-1 2-2 3-3 4-4 5-5 6-6 7-7 8-8 9-15 10-16 11-17 12-19 13-10 14-11 15-12 16-9 20-21 ,{},{},{}
news-C:478,news-C:478,,test,"'' people who are high in positive emotions sleep better , they have better diets , they exercise more , they have lower levels of these stress hormones '' , Cohen said .","'' happy people sleep better , have better diets , exercise more and have less levels of stress hormones '' , Cohen said .","'' people who be high in positive emotion sleep good , they have good diet , they exercise more , they have low level of these stress hormone '' , cohen say .","'' happy people sleep good , have good diet , exercise more and have less level of stress hormone '' , cohen say .",0.4285714285714286,32-23 26-17 27-18 28-19 29-20 30-21 31-22 12-6 13-7 14-8 15-9 8-3 9-4 10-5 17-10 18-11 23-15 24-16 1-2 22-14 0-0 21-13 ,{},{},{},0-0 1-2 8-3 9-4 10-5 12-6 13-7 14-8 15-9 17-10 18-11 19-12 21-13 22-14 23-15 24-16 26-17 27-18 28-19 29-20 30-21 31-22 32-23 ,4-1 5-1 6-1 7-1 11-1 11-2 16-1 16-2 20-1 20-2 ,{},{}
news-C:1537,news-C:1537,,test,Southwest said it had already inspected its fleet of 385 aircraft and found no additional suspicious items .,Southwest said it completed inspections of its entire fleet of 385 aircraft and found no additional items .,southwest say it have already inspect it fleet of 385 aircraft and find no additional suspicious item .,southwest say it complete inspection of it entire fleet of 385 aircraft and find no additional item .,0.35,17-17 7-8 8-9 9-10 10-11 11-12 12-13 13-14 14-15 0-0 1-1 2-2 16-16 5-4 6-6 ,{},{},{},0-0 1-1 2-2 3-3 3-4 4-3 4-4 5-3 5-4 6-6 7-8 8-9 9-10 10-11 11-12 12-13 13-14 14-15 16-16 17-17 ,{},{},{}
news-C:1278,news-C:1278,,test,"'' we did not want to shut down '' , Lawrence Diamond , the CFO , said as O'Donnell lawyer Matthew Fishbein questioned him .","'' we did not want to shut down '' , Diamond testified under questioning by Matthew Fishbein , one of O'Donnell 's lawyers .","'' we do not want to shut down '' , lawrence diamond , the cfo , say a o'donnell lawyer matthew fishbein question him .","'' we do not want to shut down '' , diamond testify under question by matthew fishbein , one of o'donnell 's lawyer .",0.4285714285714286,24-23 0-0 1-1 2-2 3-3 4-4 5-5 6-6 7-7 8-8 9-9 20-15 21-16 16-11 11-10 22-13 18-20 19-22 ,{},{},{},0-0 1-1 2-2 3-3 4-4 5-5 6-6 7-7 8-8 9-9 11-10 16-11 18-20 19-22 20-15 21-16 22-13 24-23 ,23-10 ,{},{}
news-C:1376,news-C:1376,,test,"but while the prime minister 's trial judders to a halt , his co-defendants in the same case are not protected .","while he is now spared that threat , his co-defendants in the same case are not protected .","but while the prime minister 's trial judders to a halt , his co-defendant in the same case be not protect .","while he be now spar that threat , his co-defendant in the same case be not protect .",0.5384615384615384,21-17 11-7 12-8 13-9 14-10 15-11 16-12 17-13 18-14 19-15 20-16 ,{},{},{},1-0 11-7 12-8 13-9 14-10 15-11 16-12 17-13 18-14 19-15 20-16 21-17 ,{},{},{}
news-C:2099,news-C:2099,,test,"the court on Monday reversed the decision of that court , the 9th U.S. Circuit Court of Appeals .","the court today reversed the decision of that court , the United States Court of Appeals for the Ninth Circuit .","the court on monday reverse the decision of that court , the 9th u.s. circuit court of appeal .","the court today reverse the decision of that court , the united state court of appeal for the ninth circuit .",0.4736842105263158,18-20 4-3 5-4 6-5 7-6 8-7 9-8 10-9 11-10 15-13 16-14 17-15 0-0 1-1 3-2 14-19 12-18 ,{},{},{},0-0 1-1 4-3 5-4 6-5 7-6 8-7 9-8 10-9 11-10 12-18 13-11 13-12 14-19 15-13 16-14 17-15 18-20 ,2-2 3-2 ,{},{}
chtb_324-10-39,sent,10,real,they do much more training indoor at home .,`` they were used to practicing indoors in china .,they do much more training indoor at home .,`` they be use to practice indoors in china .,0.8823529411764706,8-9 5-6 ,{},{},{},{},{},{},{}
news-C:1318,news-C:1318,,test,"'' it 's obvious I 'm not riding as well as years past '' , Armstrong said at a news conference .",'' I think it 's obvious I 'm not riding as well as I have in years past .,"'' it 's obvious i 'm not rid as well a year past '' , armstrong say at a news conference .",'' i think it 's obvious i 'm not rid as well a i have in year past .,0.3913043478260869,21-18 1-3 2-4 3-5 4-6 5-7 6-8 7-9 8-10 9-11 10-12 11-16 12-17 0-0 ,{},{},{},0-0 1-3 2-4 3-5 4-6 5-7 6-8 7-9 8-10 9-11 10-12 11-16 12-17 21-18 ,{},{},{}
news-C:546,news-C:546,,test,the numbers highlight a conundrum : the difficulty of classifying racial and ethnic categories in an increasingly fluid and multi-ethnic society .,"as stark as the numbers themselves , is the conundrum they highlight : the growing difficulty of classifying racial and ethnic categories in an increasingly fluid and multi-ethnic society .",the number highlight a conundrum : the difficulty of classify racial and ethnic category in an increasingly fluid and multi-ethnic society .,"as stark a the number themselves , be the conundrum they highlight : the grow difficulty of classify racial and ethnic category in an increasingly fluid and multi-ethnic society .",0.2592592592592593,21-29 7-15 8-16 9-17 10-18 11-19 12-20 13-21 14-22 15-23 16-24 17-25 18-26 19-27 20-28 0-3 1-4 5-12 6-13 4-9 2-11 ,{},{},{},0-3 1-4 2-11 4-9 5-12 6-13 7-15 8-16 9-17 10-18 11-19 12-20 13-21 14-22 15-23 16-24 17-25 18-26 19-27 20-28 21-29 ,3-8 ,{},{}
news-C:369,news-C:369,,test,"Chirac , who can pardon a law-breaker , refused Humbert 's request last year but kept in close touch with the family .","Chirac , who has the authority to pardon law-breakers , refused Humbert 's request to be allowed to die last year but kept in close touch with the family .","chirac , who can pardon a law-breaker , refuse humbert 's request last year but keep in close touch with the family .","chirac , who have the authority to pardon law-breakers , refuse humbert 's request to be allow to die last year but keep in close touch with the family .",0.3448275862068966,22-29 12-19 13-20 14-21 15-22 16-23 17-24 18-25 19-26 20-27 21-28 7-9 8-10 9-11 10-12 11-13 0-0 1-1 2-2 6-8 4-7 ,{},{},{},0-0 1-1 2-2 3-3 3-4 3-5 3-6 4-7 6-8 7-9 8-10 9-11 10-12 11-13 12-19 13-20 14-21 15-22 16-23 17-24 18-25 19-26 20-27 21-28 22-29 ,{},{},{}
news-C:2619,news-C:2619,,test,"IAC 's stock closed yesterday down $ 2.81 , or 7.6 percent , at $ 34.19 .","InterActiveCorp 's shares closed at $ 34.19 , down $ 2.81 , or 7.6 percent on the Nasdaq Stock Market .","iac 's stock close yesterday down $ 2.81 , or 7.6 percent , at $ 34.19 .","interactivecorp 's share close at $ 34.19 , down $ 2.81 , or 7.6 percent on the nasdaq stock market .",0.38095238095238093,16-20 5-8 6-9 7-10 8-11 9-12 10-13 11-14 13-4 14-5 15-6 2-2 3-3 1-1 ,{},{},{},1-1 2-2 3-3 5-8 6-9 7-10 8-11 9-12 10-13 11-14 13-4 14-5 15-6 16-20 ,0-0 ,{},{}
news-C:2141,news-C:2141,,test,"Congress twice passed partial birth bans , but former President Bill Clinton -LRB- news - web sites -RRB- , citing the need for a health exception , vetoed both measures .","Congress passed the measure twice and President Bill Clinton -lrb- news - web sites -rrb- , citing the lack of a health exception , vetoed it .","congress twice pass partial birth ban , but former president bill clinton -lrb- news - web sit -rrb- , cite the need for a health exception , vetoed both measure .","congress pass the measure twice and president bill clinton -lrb- news - web sit -rrb- , cite the lack of a health exception , veto it .",0.4117647058823529,30-26 9-6 10-7 11-8 12-9 13-10 14-11 15-12 16-13 17-14 18-15 19-16 20-17 23-20 24-21 25-22 26-23 2-1 0-0 21-18 29-3 28-2 27-24 1-4 ,{},{},{},0-0 1-4 2-1 7-5 9-6 10-7 11-8 12-9 13-10 14-11 15-12 16-13 17-14 18-15 19-16 20-17 21-18 22-19 23-20 24-21 25-22 26-23 27-24 ,3-3 4-3 5-3 28-25 29-25 ,{},{}
news-C:1010,news-C:1010,,test,the department also sent water and soil samples to the state health laboratory .,water samples are being sent to the state health department for analysis .,the department also send water and soil sample to the state health laboratory .,water sample be be send to the state health department for analysis .,0.4375,13-12 8-5 9-6 10-7 11-8 1-9 4-0 7-1 3-4 ,{},{},{},4-0 7-1 8-5 9-6 10-7 11-8 12-9 13-12 ,3-2 3-3 3-4 ,{},{}
news-C:2672,news-C:2672,,test,"three such vigilante-style attacks forced the hacker organizer , who identified himself only as '' Eleonora67 '' , to extend the contest until 6 p.m. EDT Sunday .","three such vigilante-style attacks forced the hacker organizer , who identified himself only as '' Eleonora[67] '' , to extend the contest until 3 p.m. Arizona time Sunday .","three such vigilante-style attack force the hacker organizer , who identify himself only a '' eleonora67 '' , to extend the contest until 6 p.m. edt sunday .","three such vigilante-style attack force the hacker organizer , who identify himself only a '' eleonora [ 67 ] '' , to extend the contest until 3 p.m. arizona time sunday .",0.3125,27-31 0-0 1-1 2-2 3-3 4-4 5-5 6-6 7-7 8-8 9-9 10-10 11-11 12-12 13-13 14-14 16-19 17-20 18-21 19-22 20-23 21-24 22-25 26-30 24-27 ,{},{},{},0-0 1-1 2-2 3-3 4-4 5-5 6-6 7-7 8-8 9-9 10-10 11-11 12-12 13-13 14-14 16-17 17-18 18-19 19-20 20-21 21-22 22-23 24-25 26-28 ,23-24 25-26 25-27 ,{},{}
news-C:2291,news-C:2291,,test,similar bills passed the House twice but died in the Senate .,"two years ago , the House passed a similar version that floundered in the Senate .",similar bill pass the house twice but die in the senate .,"two year ago , the house pass a similar version that flounder in the senate .",0.631578947368421,11-15 8-12 9-13 10-14 3-4 4-5 2-6 0-8 ,{},{},{},0-8 2-6 3-4 4-5 7-11 8-12 9-13 10-14 11-15 ,1-9 ,{},{}
news-C:2150,news-C:2150,,test,"the main change , said Jim Walton , CNN 's president , is a fundamental shift in the way CNN collects its news .","the main change , said CNN president Jim Walton , was a fundamental shift in the way the network collected its news .","the main change , say jim walton , cnn 's president , be a fundamental shift in the way cnn collect it news .","the main change , say cnn president jim walton , be a fundamental shift in the way the network collect it news .",0.09523809523809523,23-22 11-9 12-10 13-11 14-12 15-13 16-14 17-15 18-16 0-0 1-1 2-2 3-3 4-4 20-19 21-20 22-21 5-7 6-8 8-5 10-6 ,{},{},{},0-0 1-1 2-2 3-3 4-4 5-7 6-8 8-5 10-6 11-9 12-10 13-11 14-12 15-13 16-14 17-15 18-16 20-19 21-20 22-21 23-22 ,19-18 ,{},{}
news-C:1576,news-C:1576,,test,the panel ordered the Commerce Department to issue revised figures for the duties within 60 days .,it called on the Commerce Department to respond within 60 days .,the panel order the commerce department to issue revise figure for the duty within 60 day .,it call on the commerce department to respond within 60 day .,0.5789473684210527,16-11 3-3 4-4 5-5 6-6 13-8 14-9 15-10 ,{},{},{},2-1 2-2 3-3 4-4 5-5 6-6 13-8 14-9 15-10 16-11 ,0-0 1-0 7-7 8-7 9-7 10-7 11-7 12-7 ,{},{}
news-C:2493,news-C:2493,,test,Mr. Rowland attended a party in South Windsor for the families of Connecticut National Guard soldiers called to active duty .,Rowland was making an appearance at a holiday party for families of Connecticut National Guard soldiers assigned to duty in Iraq and Afghanistan .,mr. rowland attend a party in south windsor for the family of connecticut national guard soldier call to active duty .,rowland be make an appearance at a holiday party for family of connecticut national guard soldier assign to duty in iraq and afghanistan .,0.5483870967741935,20-23 10-10 11-11 12-12 13-13 14-14 15-15 4-8 3-6 1-0 19-18 8-9 17-17 ,{},{},{},0-0 1-0 2-1 2-2 2-3 2-4 2-5 3-6 4-8 8-9 10-10 11-11 12-12 13-13 14-14 15-15 16-16 17-17 19-18 20-23 ,{},{},{}
news-C:1110,news-C:1110,,test,"daughter Renee Jackson said she often made '' huge pots of , like , beans and rice with , like , meat and casseroles '' for the whole family .","their biological daughter Renee Jackson , 29 , said she made huge pots of beans and rice , and meat and casseroles .","daughter renee jackson say she often make '' huge pot of , like , bean and rice with , like , meat and casserole '' for the whole family .","their biological daughter renee jackson , 29 , say she make huge pot of bean and rice , and meat and casserole .",0.40740740740740744,29-22 0-2 1-3 2-4 8-11 9-12 10-13 14-14 15-15 16-16 21-19 22-20 23-21 3-8 4-9 6-10 ,{},{},{},0-2 1-3 2-4 3-8 4-9 6-10 8-11 9-12 10-13 14-14 15-15 16-16 21-19 22-20 23-21 29-22 ,{},{},{}
news-C:1893,news-C:1893,,test,"United said the new airline will expand next year to 40 Airbus A320 jets , each seating 156 passengers .","United said it the new airline use 40 jets , each seating 156 passengers .","unite say the new airline will expand next year to 40 airbus a320 jet , each seat 156 passenger .","unite say it the new airline use 40 jet , each seat 156 passenger .",0.40909090909090906,19-14 13-8 14-9 15-10 16-11 17-12 18-13 2-3 3-4 4-5 0-0 1-1 10-7 ,{},{},{},0-0 1-1 2-3 3-4 4-5 10-7 13-8 14-9 15-10 16-11 17-12 18-13 19-14 ,5-6 6-6 7-6 8-6 9-6 ,{},{}
news-C:707,news-C:707,,test,"special , sensitive light sensors pick up the telltale glow , he said .",a sensitive light detector then looks for the telltale blue glow .,"special , sensitive light sensor pick up the telltale glow , he say .",a sensitive light detector then look for the telltale blue glow .,0.6842105263157895,13-11 2-1 3-2 7-7 8-8 9-10 4-3 ,{},{},{},2-1 3-2 4-3 7-7 8-8 9-10 13-11 ,0-0 5-5 5-6 6-5 6-6 ,{},{}
news-C:1756,news-C:1756,,test,"'' she was crying and scared '' , said Isa Yasin , the owner of the store .","'' she was crying and she was really scared '' , said Yasin .","'' she be cry and scared '' , say isa yasin , the owner of the store .","'' she be cry and she be really scared '' , say yasin .",0.375,17-13 0-0 1-1 2-2 3-3 4-4 5-8 6-9 7-10 8-11 10-12 ,{},{},{},0-0 1-1 2-2 3-3 4-4 5-8 6-9 7-10 8-11 10-12 17-13 ,{},{},{}
news-C:2565,news-C:2565,,test,British police claim they have been taking statements from more than 30 of the women .,British military police have also been taking statements from 30 of the women who have made the allegations .,british police claim they have be take statement from more than 30 of the woman .,british military police have also be take statement from 30 of the woman who have make the allegation .,0.4285714285714286,15-18 5-5 6-6 7-7 8-8 11-9 12-10 13-11 14-12 1-2 0-0 2-17 4-3 ,{},{},{},0-0 1-2 4-3 5-5 6-6 7-7 8-8 11-9 12-10 13-11 14-12 15-18 ,{},{},{}
news-C:50,news-C:50,,test,"the delegates said raising and distributing funds has been complicated by the U.S. crackdown on jihadi charitable foundations , bank accounts of terror-related organizations and money transfers .","bin Laden 's men pointed out that raising and distributing funds has been complicated by the U.S. crackdown on jihadi charitable foundations , bank accounts of terror-related organizations and money transfers .","the delegate say raising and distributing fund have be complicate by the u.s. crackdown on jihadi charitable foundation , bank account of terror-related organization and money transfer .","bin laden 's men point out that raise and distribute fund have be complicate by the u.s. crackdown on jihadi charitable foundation , bank account of terror-related organization and money transfer .",0.37142857142857144,27-31 6-10 7-11 8-12 9-13 10-14 11-15 12-16 13-17 14-18 15-19 16-20 17-21 18-22 19-23 20-24 21-25 22-26 23-27 24-28 25-29 26-30 2-4 3-7 5-9 4-8 ,{},{},{},2-4 2-5 3-7 4-8 5-9 6-10 7-11 8-12 9-13 10-14 11-15 12-16 13-17 14-18 15-19 16-20 17-21 18-22 19-23 20-24 21-25 22-26 23-27 24-28 25-29 26-30 27-31 ,0-0 0-1 0-2 0-3 1-0 1-1 1-2 1-3 ,{},{}
news-C:1451,news-C:1451,,test,"in a major setback to consumers , a federal judge granted the government 's request Thursday to shut down a company that helps customers buy cheaper prescription drugs from Canada .","a federal judge Thursday granted a request by the Food and Drug Administration to shut down RX Depot , a popular Internet company that sells cheaper prescription drugs from Canada .","in a major setback to consumer , a federal judge grant the government 's request thursday to shut down a company that help customer buy cheap prescription drug from canada .","a federal judge thursday grant a request by the food and drug administration to shut down rx depot , a popular internet company that sell cheap prescription drug from canada .",0.4864864864864865,30-30 25-25 26-26 27-27 28-28 29-29 7-0 8-1 9-2 16-13 17-14 18-15 6-18 20-22 21-23 14-6 10-4 12-12 11-8 15-3 19-19 ,{},{},{},7-0 8-1 9-2 10-4 11-8 12-9 12-10 12-11 12-12 13-5 13-7 14-6 15-3 16-13 17-14 18-15 19-19 20-22 21-23 25-25 26-26 27-27 28-28 29-29 30-30 ,22-24 23-24 24-24 ,{},{}
chtb_324-10-33,sent,10,real,"in china , they are trained indoor more often than outdoor .",at home they trained mostly indoors .,"in china , they be trained indoor more often than outdoor .",at home they train mostly indoors .,0.8823529411764706,11-6 5-3 8-4 6-5 3-2 ,{},{},{},{},{},{},{}
news-C:402,news-C:402,,test,"at best , Davydenko 's supporters were naively ignorant of tennis etiquette ; at worst , they cheated - yet went without penality from umpire Lars Graf .","at best , Davydenko 's supporters were naively ignorant to tennis etiquette ; at worst , they cheated -- yet went unpenalised by umpire Lars Graf .","at best , davydenko 's supporter be naively ignorant of tennis etiquette ; at bad , they cheat - yet go without penality from umpire lars graf .","at best , davydenko 's supporter be naively ignorant to tennis etiquette ; at bad , they cheat -- yet go unpenalised by umpire lars graf .",0.30000000000000004,27-26 0-0 1-1 2-2 3-3 4-4 5-5 6-6 7-7 8-8 10-10 11-11 12-12 13-13 14-14 15-15 16-16 17-17 24-23 25-24 26-25 19-19 20-20 ,{},{},{},0-0 1-1 2-2 3-3 4-4 5-5 6-6 7-7 8-8 9-9 10-10 11-11 12-12 13-13 14-14 15-15 16-16 17-17 18-18 19-19 20-20 21-21 22-21 23-22 24-23 25-24 26-25 27-26 ,{},{},{}
news-C:1772,news-C:1772,,test,"'' we have found the smoking gun '' , investigating board member Scott Hubbard said .","'' we have found the smoking gun '' , said Hubbard , director of NASA 's Ames Research Center in California .","'' we have find the smoking gun '' , investigate board member scott hubbard say .","'' we have find the smoking gun '' , say hubbard , director of nasa 's ames research center in california .",0.5416666666666667,15-21 0-0 1-1 2-2 3-3 4-4 5-5 6-6 7-7 8-8 13-10 14-9 9-17 ,{},{},{},0-0 1-1 2-2 3-3 4-4 5-5 6-6 7-7 8-8 12-10 13-10 14-9 15-21 ,9-12 9-13 9-14 9-15 9-16 9-17 9-18 9-19 9-20 10-12 10-13 10-14 10-15 10-16 10-17 10-18 10-19 10-20 11-12 11-13 11-14 11-15 11-16 11-17 11-18 11-19 11-20 ,{},{}
news-C:1945,news-C:1945,,test,the rebels suspended peace talks with the government April 21 citing a lack of progress .,the Liberation Tigers of Tamil Eelam suspended peace talks April 21 citing a lack of progress .,the rebel suspend peace talk with the government april 21 cite a lack of progress .,the liberation tiger of tamil eelam suspend peace talk april 21 cite a lack of progress .,0.368421052631579,15-16 8-9 9-10 10-11 11-12 12-13 13-14 14-15 2-6 3-7 4-8 ,{},{},{},0-0 1-1 1-2 1-3 1-4 1-5 2-6 3-7 4-8 8-9 9-10 10-11 11-12 12-13 13-14 14-15 15-16 ,{},{},{}
news-C:362,news-C:362,,test,Brian Brabazon said his son would get upset but then turn around and befriend his taunters .,"her son would get upset , his mom said , but then turn around and befriend his taunters .",brian brabazon say his son would get upset but then turn around and befriend his taunters .,"her son would get upset , his mom say , but then turn around and befriend his taunters .",0.26315789473684215,16-18 8-10 9-11 10-12 11-13 12-14 13-15 14-16 15-17 4-1 5-2 6-3 7-4 2-8 ,{},{},{},2-8 4-1 5-2 6-3 7-4 8-10 9-11 10-12 11-13 12-14 13-15 14-16 15-17 16-18 ,{},{},{}
news-C:1315,news-C:1315,,test,"'' I will pass on to him -LRB- Mr. Cheney -RRB- that Canada still remains a safe , secure and reliable supply of energy '' , Mr. Klein said Sunday .","'' I will pass on to him that Canada still remains a safe , secure and reliable supply of energy '' .","'' i will pass on to him -lrb- mr. cheney -rrb- that canada still remain a safe , secure and reliable supply of energy '' , mr. klein say sunday .","'' i will pass on to him that canada still remain a safe , secure and reliable supply of energy '' .",0.25,30-21 11-7 12-8 13-9 14-10 15-11 16-12 17-13 18-14 19-15 20-16 21-17 22-18 23-19 24-20 0-0 1-1 2-2 3-3 4-4 5-5 6-6 ,{},{},{},0-0 1-1 2-2 3-3 4-4 5-5 6-6 11-7 12-8 13-9 14-10 15-11 16-12 17-13 18-14 19-15 20-16 21-17 22-18 23-19 24-20 30-21 ,{},{},{}
news-C:1729,news-C:1729,,test,"it is so far out in international water that the finder Odyssey Marine Exploration , of Tampa , Fla. , does not have to share the wealth with any governments .","and because it is so far out in international water , salvage company Odyssey Marine Exploration does n't have to share the wealth with coastal state governments .","it be so far out in international water that the finder odyssey marine exploration , of tampa , fla. , do not have to share the wealth with any government .","and because it be so far out in international water , salvage company odyssey marine exploration do n't have to share the wealth with coastal state government .",0.4,30-27 0-2 1-3 2-4 3-5 4-6 5-7 6-8 7-9 22-18 23-19 24-20 25-21 26-22 27-23 11-13 12-14 13-15 29-26 20-16 21-17 ,{},{},{},0-2 1-3 2-4 3-5 4-6 5-7 6-8 7-9 11-13 12-14 13-15 20-16 21-17 22-18 23-19 24-20 25-21 26-22 27-23 29-26 30-27 ,8-1 10-11 10-12 28-24 28-25 ,{},{}
news-C:2162,news-C:2162,,test,"'' the committee will define the role of the interim chairman and recommend an individual to fill that role '' , said lead director H. Carl McCall in a statement .","'' the committee will define the role of the interim chairman and recommend an individual to fill that role '' , said Carl McCall , the lead director of the NYSE board .","'' the committee will define the role of the interim chairman and recommend an individual to fill that role '' , say lead director h. carl mccall in a statement .","'' the committee will define the role of the interim chairman and recommend an individual to fill that role '' , say carl mccall , the lead director of the nyse board .",0.2068965517241379,30-32 0-0 1-1 2-2 3-3 4-4 5-5 6-6 7-7 8-8 9-9 10-10 11-11 12-12 13-13 14-14 15-15 16-16 17-17 18-18 19-19 20-20 21-21 22-26 23-27 25-22 26-23 ,{},{},{},0-0 1-1 2-2 3-3 4-4 5-5 6-6 7-7 8-8 9-9 10-10 11-11 12-12 13-13 14-14 15-15 16-16 17-17 18-18 19-19 20-20 21-21 22-26 23-27 25-22 26-23 30-32 ,{},{},{}
news-C:1006,news-C:1006,,test,"he praised the work of the Rhodes Trust , saying that it was a Rhodes scholar at Oxford who first interested him in politics .","Blair praised the work of the Rhodes Trust , saying it was an Australian Rhodes Scholar he met while at Oxford who first interested him in politics .","he praise the work of the rhodes trust , say that it be a rhodes scholar at oxford who first interest him in politics .","blair praise the work of the rhodes trust , say it be an australian rhodes scholar he meet while at oxford who first interest him in politics .",0.25,24-27 1-1 2-2 3-3 4-4 5-5 6-6 7-7 8-8 9-9 16-19 17-20 18-21 19-22 20-23 21-24 22-25 23-26 11-10 12-11 14-14 15-15 13-12 ,{},{},{},1-1 2-2 3-3 4-4 5-5 6-6 7-7 8-8 9-9 11-10 12-11 13-12 14-14 15-15 16-19 17-20 18-21 19-22 20-23 21-24 22-25 23-26 24-27 ,0-0 ,{},{}
news-C:2489,news-C:2489,,test,some Boston managers are concerned that banning smoking will create safety hazards as groups of smokers huddle outside bars and nightclubs .,some Boston bar managers said they worry that banning smoking will create a hazard as groups of smokers huddle outside on sidewalks and in parking lots to smoke .,some boston manager be concern that ban smoking will create safety hazard a group of smoker huddle outside bar and nightclub .,some boston bar manager say they worry that ban smoking will create a hazard a group of smoker huddle outside on sidewalk and in park lot to smoke .,0.4375,21-28 11-13 12-14 13-15 14-16 15-17 16-18 17-19 5-7 6-8 7-9 8-10 9-11 0-0 1-1 2-3 4-6 18-2 ,{},{},{},0-0 1-1 2-3 3-6 4-6 5-7 6-8 7-9 8-10 9-11 11-13 12-14 13-15 14-16 15-17 16-18 21-28 ,0-5 1-5 2-5 17-19 17-20 17-21 17-22 17-23 17-24 17-25 18-19 18-20 18-21 18-22 18-23 18-24 18-25 19-19 19-20 19-21 19-22 19-23 19-24 19-25 20-19 20-20 20-21 20-22 20-23 20-24 20-25 ,{},{}
VOM19981230_0700_0515-1-14,sent,1,real,disagreement occurred among several key u.s. republican congressmen over president clinton &apos;s impeachment trial .,some important figures of the american republic party viewed divergently on the judicial issue of impeaching president clinton .,disagreement occur among several key u.s. republican congressman over president clinton &apos;s impeachment trial .,some important figure of the american republic party view divergently on the judicial issue of impeach president clinton .,0.896551724137931,14-18 9-16 10-17 12-15 13-12 5-5 6-6 4-1 ,{},{},{},{},{},{},{}
news-C:2409,news-C:2409,,test,"'' we 're a quiet , peaceful town of 862 people and nothing ever happens '' , said Carolyn Greene Bennett , Cedar Grove 's town recorder .","'' we 're a quiet , peaceful town of 862 people and nothing ever happens '' , Bennett said .","'' we 're a quiet , peaceful town of 862 people and nothing ever happen '' , say carolyn greene bennett , cedar grove 's town recorder .","'' we 're a quiet , peaceful town of 862 people and nothing ever happen '' , bennett say .",0.25,27-19 0-0 1-1 2-2 3-3 4-4 5-5 6-6 7-7 8-8 9-9 10-10 11-11 12-12 13-13 14-14 15-15 16-16 20-17 18-17 19-17 17-18 ,{},{},{},0-0 1-1 2-2 3-3 4-4 5-5 6-6 7-7 8-8 9-9 10-10 11-11 12-12 13-13 14-14 15-15 16-16 17-18 20-17 27-19 ,{},{},{}
news-C:2540,news-C:2540,,test,two officials initially said about 300 workers had been arrested at 61 stores in 21 states .,but the officials later revised the numbers and said about 250 had been arrested at some 60 stores .,two official initially say about 300 worker have be arrest at 61 store in 21 state .,but the official later revise the number and say about 250 have be arrest at some 60 store .,0.6538461538461539,16-18 7-11 8-12 9-13 10-14 3-8 4-9 12-17 1-2 ,{},{},{},1-2 3-8 4-9 7-11 8-12 9-13 10-14 12-17 16-18 ,5-10 11-15 11-16 ,{},{}
news-C:578,news-C:578,,test,"those findings , published in today 's Journal of the American Medical Association , are the latest bad news about estrogen-progestin therapy .","the findings , published Tuesday in the Journal of the American Medical Association , were the latest bad news about estrogen-progestin therapy .","those finding , publish in today 's journal of the american medical association , be the late bad news about estrogen-progestin therapy .","the finding , publish tuesday in the journal of the american medical association , be the late bad news about estrogen-progestin therapy .",0.18181818181818177,22-22 7-7 8-8 9-9 10-10 11-11 12-12 13-13 14-14 15-15 16-16 17-17 18-18 19-19 20-20 21-21 1-1 2-2 3-3 5-4 4-5 ,{},{},{},0-0 1-1 2-2 3-3 4-5 7-7 8-8 9-9 10-10 11-11 12-12 13-13 15-15 16-16 17-17 18-18 19-19 20-20 21-21 22-22 ,5-4 14-14 ,{},{}
news-C:2466,news-C:2466,,test,"'' we 're optimistic we can deliver the vaccine to these people in time to do good '' , said Dr. David Fleming of the Centers for Disease Control and Prevention .","'' we 're optimistic we can deliver the vaccine to these people in time to do good '' , said Dr. David Fleming , the CDC 's deputy director for Public Health and Science .","'' we 're optimistic we can deliver the vaccine to these people in time to do good '' , say dr. david fleming of the center for disease control and prevention .","'' we 're optimistic we can deliver the vaccine to these people in time to do good '' , say dr. david fleming , the cdc 's deputy director for public health and science .",0.34285714285714286,31-34 0-0 1-1 2-2 3-3 4-4 5-5 6-6 7-7 8-8 9-9 10-10 11-11 12-12 13-13 14-14 15-15 16-16 17-17 18-18 19-19 20-20 21-21 22-22 ,{},{},{},0-0 1-1 2-2 3-3 4-4 5-5 6-6 7-7 8-8 9-9 10-10 11-11 12-12 13-13 14-14 15-15 16-16 17-17 18-18 19-19 20-20 21-21 22-22 24-24 31-34 ,25-25 26-25 27-25 28-25 ,{},{}
news-C:1878,news-C:1878,,test,I was surprised it turned out me talking and the president just listening .,'' I was surprised it turned out me talking and the president just listening . . . it was mostly a monologue '' .,i be surprise it turn out me talk and the president just listening .,'' i be surprise it turn out me talk and the president just listening . . . it be mostly a monologue '' .,0.2222222222222222,13-21 0-1 1-2 2-3 3-4 4-5 5-6 6-7 7-8 8-9 9-10 10-11 11-12 12-13 ,{},{},{},0-1 1-2 2-3 3-4 4-5 5-6 6-7 7-8 8-9 9-10 10-11 11-12 12-13 13-23 ,{},{},{}
news-C:380,news-C:380,,test,"like-for-like sales for the 17 weeks to 27 December were flat , while the gross margin fell by 2 percentage points , the company said .","UK retail like-for-like sales for the 17 weeks to December 27 were flat , with gross margin down two percentage points .","like-for-like sale for the 17 week to 27 december be flat , while the gross margin fell by 2 percentage point , the company say .","uk retail like-for-like sale for the 17 week to december 27 be flat , with gross margin down two percentage point .",0.3928571428571429,25-21 0-2 1-3 2-4 3-5 4-6 5-7 6-8 9-11 10-12 11-13 14-15 15-16 19-19 20-20 7-10 8-9 18-18 ,{},{},{},0-2 1-3 2-4 3-5 4-6 5-7 6-8 7-10 8-9 9-11 10-12 11-13 12-14 14-15 15-16 18-18 19-19 20-20 25-21 ,16-17 17-17 ,{},{}
news-C:1564,news-C:1564,,test,"'' this is a cloud hanging over their credibility , their word '' , said Hagel .","'' this is a cloud hanging over their credibility , their word '' , Hagel said on ABC 's '' This Week '' .","'' this be a cloud hanging over their credibility , their word '' , say hagel .","'' this be a cloud hanging over their credibility , their word '' , hagel say on abc 's '' this week '' .",0.2222222222222222,16-23 0-0 1-1 2-2 3-3 4-4 5-5 6-6 7-7 8-8 9-9 10-10 11-11 12-12 13-13 14-15 15-14 ,{},{},{},0-0 1-1 2-2 3-3 4-4 5-5 6-6 7-7 8-8 9-9 10-10 11-11 12-12 13-13 14-15 15-14 16-23 ,{},{},{}
news-C:1173,news-C:1173,,test,White House officials say Iran has one last chance to comply with IAEA inspection demands .,a White House spokesman added that Iran had '' one last chance '' to comply with its disarmament obligations .,white house official say iran have one last chance to comply with iaea inspection demand .,a white house spokesman add that iran have '' one last chance '' to comply with it disarmament obligation .,0.5416666666666667,15-19 6-9 7-10 8-11 9-13 10-14 11-15 0-1 1-2 4-6 5-7 3-4 ,{},{},{},0-1 1-2 2-3 4-6 6-9 7-10 8-11 9-13 10-14 11-15 15-19 ,3-4 5-7 12-16 12-17 12-18 13-16 13-17 13-18 14-16 14-17 14-18 ,{},{}
news-C:2317,news-C:2317,,test,"in Chatsworth , 52km north-west of Los Angeles , residents of multimillion-dollar homes there were being told to begin gathering their belongings .","in Chatsworth , 32 miles northwest of Los Angeles , residents of multimillion-dollar homes there were told to gather their belongings .","in chatsworth , 52km north-west of los angeles , resident of multimillion-dollar home there be be tell to begin gather their belonging .","in chatsworth , 32 mile northwest of los angeles , resident of multimillion-dollar home there be tell to gather their belonging .",0.26086956521739135,22-21 5-6 6-7 7-8 8-9 9-10 10-11 11-12 12-13 13-14 14-15 19-18 20-19 21-20 0-0 1-1 2-2 16-16 17-17 4-5 ,{},{},{},0-0 1-1 2-2 3-3 3-4 4-5 5-6 6-7 7-8 8-9 9-10 10-11 11-12 12-13 13-14 14-15 16-16 17-17 19-18 20-19 21-20 22-21 ,{},{},{}
ZBN19981003_0153-8-15,sent,8,real,hong kong officials blamed the 150-year british colonial rule for complicating the citizenship status for many hong kong residents .,some hongkong officials complained that over 150 years of colonization by great britain has made it difficult for hongkong residents to claim their identities .,hong kong official blame the 150-year british colonial rule for complicate the citizenship status for many hong kong resident .,some hongkong official complain that over 150 year of colonization by great britain have make it difficult for hongkong resident to claim their identity .,0.8888888888888888,19-24 5-6 5-7 2-2 6-12 7-9 18-19 15-11 ,{},{},{},{},{},{},{}
news-C:1778,news-C:1778,,test,"the MDC said a supporter , Tichaona Kaguru , died in hospital on Wednesday after being tortured and assaulted by soldiers putting down the protests .","the MDC said that an opposition supporter , Tichaona Kaguru , died in hospital after being tortured and assaulted by the soldiers putting down the anti-Mugabe protests .","the mdc say a supporter , tichaona kaguru , die in hospital on wednesday after be torture and assault by soldier put down the protest .","the mdc say that an opposition supporter , tichaona kaguru , die in hospital after be torture and assault by the soldier put down the anti-mugabe protest .",0.25,25-27 4-6 5-7 6-8 7-9 8-10 9-11 10-12 11-13 14-14 15-15 16-16 17-17 18-18 19-19 20-21 21-22 22-23 23-24 0-0 1-1 2-2 24-26 3-4 ,{},{},{},0-0 1-1 2-2 3-4 4-6 5-7 6-8 7-9 8-10 9-11 10-12 11-13 14-14 15-15 16-16 17-17 18-18 19-19 20-21 21-22 22-23 23-24 24-26 25-27 ,{},{},{}
news-C:33,news-C:33,,test,"this integrates with Rational PurifyPlus and allows developers to work in supported versions of Java , Visual C# and Visual Basic .NET .","IBM said the Rational products were also integrated with Rational PurifyPlus , which allows developers to work in Java , Visual C# and VisualBasic .NET .","this integrate with rational purifyplus and allow developer to work in supported version of java , visual c # and visual basic .net .","ibm say the rational product be also integrate with rational purifyplus , which allow developer to work in java , visual c # and visualbasic .net .",0.43333333333333335,24-27 14-18 15-19 16-20 17-21 18-22 19-23 6-13 7-14 8-15 9-16 10-17 1-7 2-8 3-9 4-10 22-25 23-26 ,{},{},{},2-8 3-9 4-10 6-13 7-14 8-15 9-16 10-17 14-18 15-19 16-20 17-21 18-22 19-23 20-23 21-24 22-25 ,0-3 0-4 1-7 ,{},{}
news-C:109,news-C:109,,test,French Foreign Minister Dominique de Villepin was scheduled to arrive Sharm el-sheikh on Wednesday .,"the French foreign minister , Dominique de Villepin , is also expected to attend .",french foreign minister dominique de villepin be schedule to arrive sharm el-sheikh on wednesday .,"the french foreign minister , dominique de villepin , be also expect to attend .",0.55,14-14 0-1 1-2 2-3 3-5 4-6 5-7 7-11 6-9 8-12 ,{},{},{},0-1 1-2 2-3 3-5 4-6 5-7 7-11 8-12 14-14 ,6-9 9-13 ,{},{}
news-C:1379,news-C:1379,,test,former chief financial officer Franklyn M. Bergonzi pleaded guilty to one count of conspiracy on June 5 and agreed to cooperate with prosecutors .,"last week , former chief financial officer Franklyn Bergonzi pleaded guilty to one count of conspiracy and agreed to cooperate with the government 's investigation .",former chief financial officer franklyn m. bergonzi plead guilty to one count of conspiracy on june 5 and agree to cooperate with prosecutor .,"last week , former chief financial officer franklyn bergonzi plead guilty to one count of conspiracy and agree to cooperate with the government 's investigation .",0.4,23-25 6-8 7-9 8-10 9-11 10-12 11-13 12-14 13-15 0-3 1-4 2-5 3-6 4-7 17-16 18-17 19-18 20-19 21-20 5-8 ,{},{},{},0-3 1-4 2-5 3-6 4-7 4-8 5-7 5-8 6-7 6-8 7-9 8-10 9-11 10-12 11-13 12-14 13-15 17-16 18-17 19-18 20-19 21-20 22-22 22-23 22-24 23-25 ,15-0 15-1 16-0 16-1 ,{},{}
news-C:2702,news-C:2702,,test,"the rioters shot one person in the shoulder and beat and stabbed others , police said .",on Tuesday night rioters shot one person in the shoulder and beat or stabbed others .,"the rioter shoot one person in the shoulder and beat and stab others , police say .",on tuesday night rioter shoot one person in the shoulder and beat or stab others .,0.368421052631579,16-15 1-3 2-4 3-5 4-6 5-7 6-8 7-9 8-10 9-11 11-13 12-14 ,{},{},{},1-3 2-4 3-5 4-6 5-7 6-8 7-9 8-10 9-11 10-12 11-13 12-14 16-15 ,{},{},{}
news-C:579,news-C:579,,test,experts said the case marks one of the first times in which a parent was charged with contributing to a child 's suicide .,legal experts say the case may mark the first time a parent has been convicted of contributing to a child 's suicide .,expert say the case mark one of the first time in which a parent be charge with contribute to a child 's suicide .,legal expert say the case may mark the first time a parent have be convict of contribute to a child 's suicide .,0.34615384615384615,23-22 17-16 18-17 19-18 20-19 21-20 22-21 0-1 1-2 2-3 3-4 7-7 8-8 9-9 12-10 13-11 4-6 ,{},{},{},0-0 0-1 2-3 3-4 7-7 8-8 9-9 12-10 13-11 17-16 18-17 19-18 20-19 21-20 22-21 23-22 ,1-2 4-5 4-6 14-12 14-13 14-14 14-15 15-12 15-13 15-14 15-15 16-12 16-13 16-14 16-15 ,{},{}
news-C:1471,news-C:1471,,test,but Mr Robinson urged the voters to be '' kind and sensitive and gentle '' to the believers who '' will not understand what you 've done here today '' .,but he urged the delegates who elected him to be '' kind and sensitive and gentle '' to believers who '' will not understand what you 've done here today '' .,but mr robinson urge the voter to be '' kind and sensitive and gentle '' to the believer who '' will not understand what you 've do here today '' .,but he urge the delegate who elect him to be '' kind and sensitive and gentle '' to believer who '' will not understand what you 've do here today '' .,0.24137931034482762,30-31 17-18 18-19 19-20 20-21 21-22 22-23 23-24 24-25 25-26 26-27 27-28 28-29 29-30 6-8 7-9 8-10 9-11 10-12 11-13 12-14 13-15 14-16 15-17 3-2 4-3 0-0 ,{},{},{},0-0 3-2 4-3 6-8 7-9 8-10 9-11 10-12 11-13 12-14 13-15 14-16 15-17 17-18 18-19 19-20 20-21 21-22 22-23 23-24 24-25 25-26 26-27 27-28 28-29 29-30 30-31 ,1-1 2-1 5-4 5-5 5-6 5-7 ,{},{}
news-C:1290,news-C:1290,,test,an attempt last month in the Senate to keep the fund open for another year fell flat .,an attempt to keep the fund open for another year fell flat in the Senate last month .,an attempt last month in the senate to keep the fund open for another year fell flat .,an attempt to keep the fund open for another year fell flat in the senate last month .,0.0,17-17 7-2 8-3 9-4 10-5 11-6 12-7 13-8 14-9 15-10 16-11 4-12 5-13 6-14 0-0 1-1 2-15 3-16 ,{},{},{},0-0 1-1 2-15 3-16 4-12 5-13 6-14 7-2 8-3 9-4 10-5 11-6 12-7 13-8 14-9 15-10 16-11 17-17 ,{},{},{}
news-C:1675,news-C:1675,,test,he said they should '' not really be patrolling or be around those areas when they ... are conducting their prayers '' .,he said they should '' not really be patrolling or be around those areas when they are in their time of when they 're conducting their prayers '' .,he say they should '' not really be patrol or be around those area when they ... be conduct their prayer '' .,he say they should '' not really be patrol or be around those area when they be in their time of when they 're conduct their prayer '' .,0.21739130434782605,22-28 0-0 1-1 2-2 3-3 4-4 5-5 6-6 7-7 8-8 9-9 10-10 11-11 12-12 13-13 14-14 15-15 18-24 19-25 20-26 21-27 17-23 ,{},{},{},0-0 1-1 2-2 3-3 4-4 5-5 6-6 7-7 8-8 9-9 10-10 11-11 12-12 13-13 14-21 15-22 17-23 18-24 19-25 20-26 21-27 22-28 ,{},{},{}
chtb_324-10-41,sent,10,real,they do much more training indoor at home .,most of the time they practice indoors in china .,they do much more training indoor at home .,most of the time they practice indoors in china .,0.8823529411764706,8-9 5-6 ,{},{},{},{},{},{},{}
news-C:1484,news-C:1484,,test,"this is a process and there will be other opportunities for people to participate in the rebuilding of Iraq '' , he told reporters .",this is a process and there will be other opportunities for people to participate in the rebuilding of Iraq '' .,"this be a process and there will be other opportunity for people to participate in the rebuilding of iraq '' , he tell reporter .",this be a process and there will be other opportunity for people to participate in the rebuilding of iraq '' .,0.16666666666666663,24-20 0-0 1-1 2-2 3-3 4-4 5-5 6-6 7-7 8-8 9-9 10-10 11-11 12-12 13-13 14-14 15-15 16-16 17-17 18-18 19-19 ,{},{},{},0-0 1-1 2-2 3-3 4-4 5-5 6-6 7-7 8-8 9-9 10-10 11-11 12-12 13-13 14-14 15-15 16-16 17-17 18-18 19-19 24-20 ,{},{},{}
news-C:275,news-C:275,,test,"the Infineon case began in August 2000 , when Rambus accused Infineon of patent infringement and Infineon counter-sued Rambus for breach of contract and fraud .","at that time , Rambus accused Infineon of patent infringement and Infineon countersued Rambus for breach of contract and fraud .","the infineon case begin in august 2000 , when rambus accuse infineon of patent infringement and infineon counter-sued rambus for breach of contract and fraud .","at that time , rambus accuse infineon of patent infringement and infineon countersued rambus for breach of contract and fraud .",0.48,25-20 9-4 10-5 11-6 12-7 13-8 14-9 15-10 16-11 18-13 19-14 20-15 21-16 22-17 23-18 24-19 17-12 ,{},{},{},9-4 10-5 11-6 12-7 13-8 14-9 15-10 16-11 17-12 18-13 19-14 20-15 21-16 22-17 23-18 24-19 25-20 ,8-0 8-1 8-2 ,{},{}
news-C:1152,news-C:1152,,test,"his 1996 Chevrolet Tahoe was found abandoned June 25 in a Virginia Beach , Va. , parking lot .","his sport utility vehicle was found June 25 , abandoned without its license plates in Virginia Beach , Va.","his 1996 chevrolet tahoe be find abandon june 25 in a virginia beach , va. , park lot .","his sport utility vehicle be find june 25 , abandon without it license plate in virginia beach , va .",0.5769230769230769,18-19 11-15 12-16 13-17 4-4 5-5 7-6 8-7 6-9 14-18 ,{},{},{},0-0 4-4 5-5 6-9 7-6 8-7 9-14 11-15 12-16 13-17 14-18 ,2-1 2-2 2-3 3-1 3-2 3-3 ,{},{}
news-C:2472,news-C:2472,,test,"these plans would offer preventive health coverage as well as protection against catastrophic health-care expenses , neither of which is currently available under the government-run program .","the latter would offer preventive health coverage as well as protection against unexpected healthcare expenses , neither of which is currently available under Medicare .","these plan would offer preventive health coverage as well a protection against catastrophic health-care expense , neither of which be currently available under the government-run program .","the latter would offer preventive health coverage as well a protection against unexpected healthcare expense , neither of which be currently available under medicare .",0.32258064516129037,26-24 2-2 3-3 4-4 5-5 6-6 7-7 8-8 9-9 10-10 11-11 14-14 15-15 16-16 17-17 18-18 19-19 20-20 21-21 22-22 13-13 ,{},{},{},0-0 2-2 3-3 4-4 5-5 6-6 7-7 8-8 9-9 10-10 11-11 13-13 14-14 15-15 16-16 17-17 18-18 19-19 20-20 21-21 22-22 24-23 25-23 26-24 ,1-1 12-12 ,{},{}
news-C:351,news-C:351,,test,the exam contains four sections and tests a students knowledge of algebra and geometry as well as probability and statistics .,"the test , in four sections , includes algebra and geometry , along with some questions on probability and statistics .",the exam contain four section and test a student knowledge of algebra and geometry as well a probability and statistic .,"the test , in four section , include algebra and geometry , along with some question on probability and statistic .",0.6153846153846154,20-20 17-17 18-18 19-19 11-8 12-9 13-10 3-4 4-5 2-7 1-1 0-0 ,{},{},{},0-0 1-1 2-7 3-4 4-5 11-8 12-9 13-10 14-12 14-13 15-12 15-13 16-12 16-13 17-17 18-18 19-19 20-20 ,{},{},{}
news-C:1139,news-C:1139,,test,Mr. Stevens has also told his officers that information from British intelligence indicates there are more al Qaeda agents in Britain than previously thought .,Sir John has also told his officers that information from British intelligence indicates there are more al-Qa`eda agents in Britain than previously thought .,mr. stevens have also tell his officer that information from british intelligence indicates there be more al qaeda agent in britain than previously think .,sir john have also tell his officer that information from british intelligence indicates there be more al-qa`eda agent in britain than previously think .,0.25,24-25 2-2 3-3 4-4 5-5 6-6 7-7 8-8 9-9 10-10 11-11 12-12 13-13 14-14 15-15 18-19 19-20 20-21 21-22 22-23 23-24 0-0 17-16 ,{},{},{},2-2 3-3 4-4 5-5 6-6 7-7 8-8 9-9 10-10 11-11 12-12 13-13 14-14 15-15 16-16 17-16 18-17 19-18 20-19 21-20 22-21 23-22 24-23 ,0-0 0-1 1-0 1-1 ,{},{}
news-C:765,news-C:765,,test,"the ambassador said it was up to the Americans to press the Iraqis to make the invitation , which he said the United States appears unwilling to do .",the ambassador said it was up to the Americans to press the Iraqi council to make the invitation - a move he said the United States appears unwilling to make .,"the ambassador say it be up to the american to press the iraqi to make the invitation , which he say the united state appear unwilling to do .",the ambassador say it be up to the american to press the iraqi council to make the invitation - a move he say the united state appear unwilling to make .,0.28,28-30 0-0 1-1 2-2 3-3 4-4 5-5 6-6 7-7 8-8 9-9 10-10 11-11 12-12 19-21 20-22 21-23 22-24 23-25 24-26 25-27 26-28 13-14 14-15 15-16 16-17 ,{},{},{},0-0 1-1 2-2 3-3 4-4 5-5 6-6 7-7 8-8 9-9 10-10 11-11 13-14 14-15 15-16 16-17 17-18 19-21 20-22 21-23 22-24 23-25 24-26 25-27 26-28 27-29 28-30 ,12-12 12-13 18-19 18-20 ,{},{}
news-C:2766,news-C:2766,,test,"Graves reported from Albuquerque , Villafranca from Austin and Ratcliffe from Laredo .",Pete Slover reported from Laredo and Gromer Jeffers from Albuquerque .,"graf report from albuquerque , villafranca from austin and ratcliffe from laredo .",pete slover report from laredo and gromer jeffers from albuquerque .,0.6,12-10 1-2 2-3 11-4 3-9 10-8 ,{},{},{},1-2 2-8 3-9 10-3 11-4 12-10 ,{},{},{}
news-C:3799,news-C:3799,,test,"Lee , 33 , told the newspaper that the girl had dragged the food , toys and other things into her mother 's bedroom , where he found her .","Lee , 33 , said the girl had dragged the food , toys and other things into her mother 's bedroom .","lee , 33 , tell the newspaper that the girl have drag the food , toy and other thing into her mother 's bedroom , where he find her .","lee , 33 , say the girl have drag the food , toy and other thing into her mother 's bedroom .",0.28,29-21 8-5 9-6 10-7 11-8 12-9 13-10 14-11 15-12 16-13 17-14 18-15 19-16 20-17 21-18 22-19 23-20 0-0 1-1 2-2 3-3 4-4 ,{},{},{},0-0 1-1 2-2 3-3 4-4 8-5 9-6 10-7 11-8 12-9 13-10 14-11 15-12 16-13 17-14 18-15 19-16 20-17 21-18 22-19 23-20 29-21 ,{},{},{}
news-C:3728,news-C:3728,,test,I loved the Brazilian music I played .,"'' I 've played Brazilian music , but I 'm not Brazilian .",i love the brazilian music i play .,"'' i 've play brazilian music , but i 'm not brazilian .",0.6153846153846154,7-12 3-4 4-5 6-3 ,{},{},{},3-4 4-5 5-1 7-12 ,6-2 6-3 ,{},{}
news-C:3971,news-C:3971,,test,"Think Dynamics , which is based in Toronto , will become part of IBM 's Software Group .","the 36 employees at Think Dynamics will remain in Toronto and become IBM employees , Crowe said .","think dynamic , which be base in toronto , will become part of ibm 's software group .","the 36 employee at think dynamic will remain in toronto and become ibm employee , crowe say .",0.64,17-17 0-4 1-5 6-8 7-9 10-11 13-12 ,{},{},{},0-4 1-5 6-8 7-9 10-11 13-12 16-15 17-17 ,11-13 12-13 ,{},{}
news-C:3261,news-C:3261,,test,"the National Transportation Safety Board has subpoenaed Gansas , arguing his immediate testimony remains critical to its investigation .","the National Transportation Safety Board had subpoenaed him , but he initially ignored the order .","the national transportation safety board have subpoena gansas , argue his immediate testimony remain critical to it investigation .","the national transportation safety board have subpoena him , but he initially ignore the order .",0.64,18-15 0-0 1-1 2-2 3-3 4-4 5-5 6-6 ,{},{},{},0-0 1-1 2-2 3-3 4-4 8-8 18-15 ,5-5 5-6 6-5 6-6 7-7 10-10 ,{},{}
news-C:3747,news-C:3747,,test,the agreement between architect Daniel Libeskind and representatives of developer Larry Silverstein gives architect David Childs the lead role in developing the '' Freedom Tower '' .,"the collaboration gives architect David Childs , who has done extensive work with Silverstein , the lead role in developing the tower , which is to be the world 's tallest .",the agreement between architect daniel libeskind and representative of developer larry silverstein give architect david childs the lead role in develop the '' freedom tower '' .,"the collaboration give architect david child , who have do extensive work with silverstein , the lead role in develop the tower , which be to be the world 's tallest .",0.7105263157894737,26-31 16-15 17-16 18-17 19-18 20-19 21-20 12-2 13-3 14-4 24-21 15-5 11-13 ,{},{},{},0-0 10-13 11-13 12-2 13-3 14-4 15-5 16-15 17-16 18-17 19-18 20-19 21-20 23-21 24-21 26-31 ,1-1 ,{},{}
news-C:3015,news-C:3015,,test,"during the same quarter last year , EDS declared a profit of $ 354 million , or 72 cents per share .","EDS reported a first-quarter loss of $ 126 million , or 26 cents per share .","during the same quarter last year , ed declare a profit of $ 354 million , or 72 cent per share .","ed report a first-quarter loss of $ 126 million , or 26 cent per share .",0.5769230769230769,21-15 18-12 19-13 20-14 14-8 15-9 16-10 11-5 12-6 7-0 8-1 3-3 9-2 ,{},{},{},7-0 8-1 9-2 11-5 12-6 14-8 15-9 16-10 18-12 19-13 20-14 21-15 ,2-3 3-3 13-7 17-11 ,{},{}
news-C:4065,news-C:4065,,test,Mr McDevitt has been granted control of three crucial aspects of policing in the Solomons .,Mr McDevitt has been granted control of three aspects of policing by Commissioner William Morrell .,mr mcdevitt have be grant control of three crucial aspect of police in the solomon .,mr mcdevitt have be grant control of three aspect of policing by commissioner william morrell .,0.5,15-15 0-0 1-1 2-2 3-3 4-4 5-5 6-6 7-7 9-8 10-9 11-10 ,{},{},{},0-0 1-1 2-2 3-3 4-4 5-5 6-6 7-7 9-8 10-9 11-10 15-15 ,{},{},{}
news-C:3629,news-C:3629,,test,police said her two small children were alone in the apartment for up to two days .,police said her two small children were alone there for up to two days as she lay dead .,police say her two small child be alone in the apartment for up to two day .,police say her two small child be alone there for up to two day a she lay dead .,0.38095238095238093,16-18 0-0 1-1 2-2 3-3 4-4 5-5 6-6 7-7 11-9 12-10 13-11 14-12 15-13 ,{},{},{},0-0 1-1 2-2 3-3 4-4 5-5 6-6 7-7 11-9 12-10 13-11 14-12 15-13 16-18 ,{},{},{}
news-C:2886,news-C:2886,,test,"likewise , the 30-year bond US30YT=RR slid 23/32 for a yield of 4.34 percent , up from 4.30 percent .","the 30-year bond US30YT=RR lost 16/32 , taking its yield to 4.20 percent from 4.18 percent .","likewise , the 30-year bond us30yt=rr slide 23/32 for a yield of 4.34 percent , up from 4.30 percent .","the 30-year bond us30yt=rr lose 16/32 , take it yield to 4.20 percent from 4.18 percent .",0.64,21-18 2-0 3-1 4-2 5-3 6-4 7-5 20-17 12-11 15-14 18-15 ,{},{},{},2-0 3-1 4-2 5-3 6-4 9-8 10-9 11-10 13-12 16-13 18-15 19-16 ,7-5 12-11 17-14 ,{},{}
news-C:4011,news-C:4011,,test,three Federal Reserve speakers and the Fed 's anecdotal summary of U.S. economic conditions could help firm expectations .,"at 1800 GMT , the Federal Reserve issues its beige book summary of U.S. economic conditions .",three federal reserve speaker and the fed 's anecdotal summary of u.s. economic condition could help firm expectation .,"at 1800 gmt , the federal reserve issue it beige book summary of u.s. economic condition .",0.6666666666666667,18-16 9-11 10-12 11-13 12-14 13-15 1-5 2-6 ,{},{},{},1-5 2-6 9-11 10-12 11-13 12-14 13-15 18-16 ,8-9 8-10 ,{},{}
news-C:4045,news-C:4045,,test,"in Hong Kong , 24 patients were quarantined Wednesday after seven public hospital workers developed flu-like symptoms .",this after seven health care workers at a public hospital fell ill with flu-like symptoms .,"in hong kong , 24 patient be quarantine wednesday after seven public hospital worker develop flu-like symptom .",this after seven health care worker at a public hospital fell ill with flu-like symptom .,0.6923076923076923,17-15 15-13 16-14 9-1 10-2 11-8 12-9 13-5 5-11 ,{},{},{},9-1 10-2 11-8 12-9 13-5 14-10 14-11 14-12 15-13 16-14 17-15 ,{},{},{}
