pairID,documentID,segmentID,hitType,source,target,sourceLemmatized,targetLemmatized,jaccardDistance,lengthDifference,sureAlignments,possAlignments,sourceHighlights,targetHighlights,answerSureAlignments,answerPossAlignments,answerSourceHighlights,answerTargetHighlights
VOM19981122_0900_1102-1-21,VOM19981122_0900_1102,1,HITInput,"Dear audience , let 's look at some situations in China .",Here is the news about China .,"dear audience , let 's look at some situation in china .",here be the news about china .,0.8823529411764706,5,11-6 10-5,,,,,,,
VOA_URD_20070721.0008-15-4,VOA_URD_20070721.0008,15,HITInput,"He has been asked to fill surety bond of 500,000 dollars .",His bail is $ 5 lakh .,"he have be ask to fill surety bond of 500,000 dollar .",his bail be $ 5 lakh .,0.8823529411764706,5,7-1 11-6 10-3,,,,,,,
groups.google.com_kholoudalrouh_4dca8166880eee76_ARB_20060216_031200-30-5,groups.google.com_kholoudalrouh_4dca8166880eee76_ARB_20060216_031200,30,HITInput,The revelation includes all single men .,"In the Qur'an , there is a call to every bachelor .",the revelation include all single men .,"in the qur'an , there be a call to every bachelor .",0.8823529411764706,5,4-12 6-13,,,,,,,
urd-WL-83-174268-11364087-post8-1-5,urd-WL-83-174268-11364087-post8,1,HITInput,I was n't probably blessed with my due share of wisdom .,I think I have very little brains .,i be n't probably bless with my due share of wisdom .,i think i have very little brain .,0.8823529411764706,4,11-7,,,,,,,
ZBN19981203_0062-7-18,ZBN19981203_0062,7,HITInput,Fourteen percent of the Australia population is British .,UK people account for 14 % of Australian immigrants .,fourteen percent of the australia population be british .,uk people account for 14 % of australian immigrant .,0.8823529411764706,1,0-4 5-1 4-7 7-0 1-5 8-9 2-6,,,,,,,
VOA_URD_20070721.0008-15-3,VOA_URD_20070721.0008,15,HITInput,"He has been asked to fill surety bond of 500,000 dollars .",His bail is $ 5 lakh .,"he have be ask to fill surety bond of 500,000 dollar .",his bail be $ 5 lakh .,0.8823529411764706,5,7-1 11-6 10-3,,,,,,,
ZBN19981111_0041-13-27,ZBN19981111_0041,13,HITInput,Asia 's economic revival is in its beginning phase .,Asian recovery was still at the early stage .,asia 's economic revival be in it beginning phase .,asian recovery be still at the early stage .,0.8823529411764706,1,4-2 0-0 9-8 7-6 3-1 8-7,,,,,,,
artb_045-6-34,artb_045,6,HITInput,Angham has excellent voice with fine tones .,Angham is famous for her tender notes and vocal profundity .,angham have excellent voice with fine tone .,angham be famous for her tender note and vocal profundity .,0.8823529411764706,3,3-8 0-0 7-10,,,,,,,
AFA20030207.9120-4-1,AFA20030207.9120,4,HITInput,This process was put into motion recently . '',"`` It has been a short time since these efforts started , '' Fleischer said in a press conference .",this process be put into motion recently . '',"`` it have be a short time since these effort start , '' fleischer say in a press conference .",0.88,11,8-12 7-19,,,,,,,
urd-WL-80-174265-7496746-19-5,urd-WL-80-174265-7496746,19,HITInput,"I did n't rest until 3AM , when they closed .","I went to bed at 3 am , then the Naat recitations ended after a while .","i do n't rest until 3am , when they close .","i go to bed at 3 be , then the naat recitation end after a while .",0.88,6,10-16 9-12,,,,,,,
artb_507-7-31,artb_507,7,HITInput,"On his part , Jutiriz stated that Chinese economic growth received global admiration .",Guaterez said that China 's economic development is admired by the whole world .,"on his part , jutiriz state that chinese economic growth receive global admiration .",guaterez say that china 's economic development be admire by the whole world .,0.88,0,5-1 9-6 7-3 11-12 13-13 12-8 8-5 6-2,,,,,,,
VOM19981230_0700_0515-1-13,VOM19981230_0700_0515,1,HITInput,Disagreement occurred among several key U.S. Republican congressmen over President Clinton 's impeachment trial .,Keymen of the Senators of the US disagreed on how to impeach President Clinton .,disagreement occur among several key u.s. republican congressman over president clinton 's impeachment trial .,keymen of the senator of the u disagree on how to impeach president clinton .,0.88,0,10-13 5-6 12-11 7-3 0-7 14-14 9-12,,,,,,,
urd-WL-12-174261-7433644-25-0,urd-WL-12-174261-7433644,25,HITInput,This is an eternal blessing whose fruits will be enjoyed by the future generations .,It is a means of earning perpetual virtues and it has impacts till generations .,this be an eternal blessing whose fruit will be enjoy by the future generation .,it be a mean of earn perpetual virtue and it have impact till generation .,0.88,0,3-6 14-14 13-13,,,,,,,
urd-NG-102-174502-11516120-post214-4-2,urd-NG-102-174502-11516120-post214,4,HITInput,"So , simply put , this is called gangsterism - do whatever you please .","In simple words , they may be termed as behaving like Big Brother .","so , simply put , this be call gangsterism - do whatever you please .","in simple word , they may be term a behaving like big brother .",0.88,1,7-2 2-1 14-13,,,,,,,
VOM19981115_0700_0898-8-24,VOM19981115_0700_0898,8,HITInput,Then the army drove an armored personnel carrier to save this badly wounded person .,Later the soldiers rescued the seriously injured man with an armed transport vehicle .,then the army drive an armored personnel carrier to save this badly wound person .,later the soldier rescue the seriously injured man with an armed transport vehicle .,0.88,1,9-3 7-11 11-5 2-10 12-6 13-7 14-13,,,,,,,
urd-WL-80-174265-7496746-26-3,urd-WL-80-174265-7496746,26,HITInput,Does Sunnah ( Prophet 's sayings or doings ) teach all this ?,Do we have to learn from the Prophet alone about how to handle such things ?,do sunnah ( prophet 's saying or doings ) teach all this ?,do we have to learn from the prophet alone about how to handle such thing ?,0.88,3,3-7 12-15 9-4,,,,,,,
chtb_263-4-17,chtb_263,4,HITInput,The conference also identified that transportation is the key area for cooperation .,"In this meeting , the traffic was confirmed as one of the important items in sub-regional co-operation .",the conference also identify that transportation be the key area for cooperation .,"in this meeting , the traffic be confirm a one of the important item in sub-regional co-operation .",0.88,5,5-5 12-17 1-2 8-12 7-11 11-16 6-6,,,,,,,
cmn-WL-8-89514-7839535-27-2,cmn-WL-8-89514-7839535,27,HITInput,But I 'm also therefore pretty strict in choosing my friends .,"But , as this is the case , I guard myself rather carefully against bad company .",but i 'm also therefore pretty strict in choose my friend .,"but , a this be the case , i guard myself rather carefully against bad company .",0.88,5,5-11 11-16,,,,,,,
VOM19981204_0700_1672-18-13,VOM19981204_0700_1672,18,HITInput,"In private , some people are worried , fearing it might affect the businesses in Canada .",Someone privately worried that this will influence the Canadian enterprises ' business .,"in private , some people be worried , fear it might affect the business in canada .",someone privately worry that this will influence the canadian enterprise ' business .,0.88,4,15-8 1-1 16-12 11-6 13-11 12-7 8-2,,,,,,,
cmn-WL-8-89514-7839535-15-1,cmn-WL-8-89514-7839535,15,HITInput,Use your head in the way you do things and follow your heart in dealing with relationships .,"Handle things with a little bit of reason , handle friendship with a little bit of emotion .",use your head in the way you do thing and follow your heart in deal with relationship .,"handle thing with a little bit of reason , handle friendship with a little bit of emotion .",0.88,0,14-0 15-2 17-17 8-1,,,,,,,
groups.google.com_LNTS_14974749cb4b6f49_CMN_20060216_084900-3-3,groups.google.com_LNTS_14974749cb4b6f49_CMN_20060216_084900,3,HITInput,The gunpowder smoke of the Chinese Super Cup Soccer Game will soon bring flames of war .,The China Football Association Super League is set for some fierce battles .,the gunpowder smoke of the chinese super cup soccer game will soon bring flame of war .,the china football association super league be set for some fierce battle .,0.88,4,4-0 5-1 9-7 7-2 15-11 16-12 6-4,,,,,,,
urd-WL-12-174261-7457007-25-5,urd-WL-12-174261-7457007,25,HITInput,"Due to this fire , different buildings were gutted and moderate-sized blasts were also heard .",The sound of explosions could be heard in intervals because of continued shootings .,"due to this fire , different building be gutted and moderate-sized blast be also hear .",the sound of explosion could be hear in interval because of continued shooting .,0.88,2,3-12 15-13 12-5 14-6 11-3,,,,,,,
cmn-NG-4-76730-7413200-3-2,cmn-NG-4-76730-7413200,3,HITInput,"The latest first-hand news , plus my own comments -- Refund guaranteed if it 's fake .",I am presenting the most recent first-hand information . Authenticity is guaranteed .,"the late first-hand news , plus my own comment -- refund guaranteed if it 's fake .",i be present the most recent first-hand information . authenticity be guarantee .,0.88,4,2-6 0-3 3-7 1-5 16-12 11-11,,,,,,,
AFA20030207.9120-4-1,AFA20030207.9120,4,HITInput,This process was put into motion recently . '',"`` It has been a short time since these efforts started , '' Fleischer said in a press conference .",this process be put into motion recently . '',"`` it have be a short time since these effort start , '' fleischer say in a press conference .",0.88,11,8-12 7-19,,,,,,,
urd-NG-102-174502-11516120-post214-4-2,urd-NG-102-174502-11516120-post214,4,HITInput,"So , simply put , this is called gangsterism - do whatever you please .","In simple words , they may be termed as behaving like Big Brother .","so , simply put , this be call gangsterism - do whatever you please .","in simple word , they may be term a behaving like big brother .",0.88,1,7-2 2-1 14-13,,,,,,,
urd-NG-102-174502-11516120-post213-2-3,urd-NG-102-174502-11516120-post213,2,HITInput,Looking at the bombing by Israel on unarmed people prompts our hearts to do what else other than to cry ?,One can not help shedding tears of blood over the deaths of unarmed civilians in Israeli bombing ?,look at the bombing by israel on unarmed people prompt our heart to do what else other than to cry ?,one can not help shed tear of blood over the death of unarmed civilian in israeli bombing ?,0.8787878787878788,3,19-5 5-15 3-16 20-17 7-12,,,,,,,
urd-NG-102-174502-11516120-post213-2-3,urd-NG-102-174502-11516120-post213,2,HITInput,Looking at the bombing by Israel on unarmed people prompts our hearts to do what else other than to cry ?,One can not help shedding tears of blood over the deaths of unarmed civilians in Israeli bombing ?,look at the bombing by israel on unarmed people prompt our heart to do what else other than to cry ?,one can not help shed tear of blood over the death of unarmed civilian in israeli bombing ?,0.8787878787878788,3,19-5 5-15 3-16 20-17 7-12,,,,,,,
cmn-WL-8-89585-7834330-19-5,cmn-WL-8-89585-7834330,19,HITInput,"To me , the scene of circles appearing before my eyes no longer has any other function except for inducing the effect of dizziness caused by radiation .",The eye-full of circles makes you nothing else but dizzy .,"to me , the scene of circle appear before my eye no longer have any other function except for induce the effect of dizziness cause by radiation .",the eye-full of circle make you nothing else but dizzy .,0.8787878787878788,17,27-10 5-2 21-4 10-1 23-9 6-3,,,,,,,
ZBN19981002_0117-1-34,ZBN19981002_0117,1,HITInput,"Indonesian Police Summon Reporter for Trial , Accused of Releasing Information on Woman 's May Insurrection Violation .",The writer was called for questioning after reporting the news that a Chinese woman was violated during the rebellion in May .,"indonesian police summon reporter for trial , accuse of release information on woman 's may insurrection violation .",the writer be call for question after report the news that a chinese woman be violate during the rebellion in may .,0.8787878787878788,4,2-3 4-4 12-13 3-7 17-21 10-9 16-15 15-18 14-20,,,,,,,
urd-WL-34-174270-7476673-2-2,urd-WL-34-174270-7476673,2,HITInput,Consciousness is nothing short of torture .,Being informed does not mean that one has less agony .,consciousness be nothing short of torture .,be inform do not mean that one have less agony .,0.875,4,6-10 3-8,,,,,,,
urd-WL-76-174258-7457031-13-5,urd-WL-76-174258-7457031,13,HITInput,May God grant that the writing may be fluent enough .,May Allah increase his power of pen .,may god grant that the writing may be fluent enough .,may allah increase his power of pen .,0.875,3,1-1 0-0 10-7,,,,,,,
urd-WL-83-174268-11364090-post9-8-2,urd-WL-83-174268-11364090-post9,8,HITInput,Centuries have passed since I 've written so much .,It took ages to write this little .,century have pass since i 've write so much .,it take age to write this little .,0.875,2,6-4 0-2 8-6 9-7,,,,,,,
DEW_URD_20090106.0006-14-2,DEW_URD_20090106.0006,14,HITInput,"However , both Foreign Ministers are making different statements about the war in the Middle East .",It is a particularly delicate situation because Kouchner and Schwarzenberg take very different public stances on the Mideast conflict .,"however , both foreign minister be make different statement about the war in the middle east .",it be a particularly delicate situation because kouchner and schwarzenberg take very different public stance on the mideast conflict .,0.875,3,6-10 10-16 11-18 7-12 15-17 16-19,,,,,,,
AFC20030208.0047-11-0,AFC20030208.0047,11,HITInput,But all this is beyond your control . '',"However , you can not choose yourself . ''",but all this be beyond your control . '',"however , you can not choose yourself . ''",0.875,0,7-7 8-8,,,,,,,
urd-NG-102-174502-11516120-post214-5-0,urd-NG-102-174502-11516120-post214,5,HITInput,Hit on the head with full force and then do n't even let weep over it . Inflicting all-around abuse and wo n't let you complain either .,They beat us and we are n't even allowed to cry .,hit on the head with full force and then do n't even let weep over it . inflict all-around abuse and wo n't let you complain either .,they beat u and we be n't even allow to cry .,0.875,16,9-5 27-11 7-3 11-7 12-8 13-10 10-6 0-1,,,,,,,
VOM19981122_0900_1102-5-41,VOM19981122_0900_1102,5,HITInput,So far their whereabouts is still unclear .,At the present time nobody know where they are .,so far their whereabouts be still unclear .,at the present time nobody know where they be .,0.875,2,7-9,,,,,,,
urd-NG-102-174502-11516165-post13-5-0,urd-NG-102-174502-11516165-post13,5,HITInput,It does n't seem to be a period of colonization .,Colonial regime is apparently not seen .,it do n't seem to be a period of colonization .,colonial regime be apparently not see .,0.875,4,9-0 10-6,,,,,,,
ZBN19981026_0045-5-37,ZBN19981026_0045,5,HITInput,"With the sound of the blast of 1,215 kg of plastic explosives , the building was finally reduced to 360,000,000 kg of rubble .","In the explosion of the 1215-kilogram moulding dynamite , it eventually turned into a pile of 0.36 billion-kilogram debris .","with the sound of the blast of 1,215 kg of plastic explosive , the building be finally reduce to 360,000,000 kg of rubble .","in the explosion of the 1215-kilogram moulding dynamite , it eventually turn into a pile of 0.36 billion-kilogram debris .",0.875,4,4-4 5-2 22-18 3-3 16-10 23-19 21-15,,,,,,,
urd-WL-83-174268-11364090-post9-8-2,urd-WL-83-174268-11364090-post9,8,HITInput,Centuries have passed since I 've written so much .,It took ages to write this little .,century have pass since i 've write so much .,it take age to write this little .,0.875,2,6-4 0-2 8-6 9-7,,,,,,,
cmn-WL-8-89600-7821328-21-4,cmn-WL-8-89600-7821328,21,HITInput,"If you continue to create an uproar and try to revolt , you will be unavoidably killed !",Do n't you dare to further instigate a revolution ! That will deny you a chance to escape the fate of decapitation .,"if you continue to create an uproar and try to revolt , you will be unavoidably kill !",do n't you dare to further instigate a revolution ! that will deny you a chance to escape the fate of decapitation .,0.875,5,10-8 17-22,,,,,,,
XIN20020330.0095-2-4,XIN20020330.0095,2,HITInput,Permanent representatives of twenty-two member states attended the meeting .,22 Arab countries took part inthe meeting .,permanent representative of twenty-two member state attend the meeting .,22 arab country take part inthe meeting .,0.875,2,8-6 3-0 9-7 5-2,,,,,,,
chtb_324-10-16,chtb_324,10,HITInput,They have more indoor training at home .,Most of the time they practice indoors in China .,they have more indoor training at home .,most of the time they practice indoors in china .,0.875,2,3-6 7-9,,,,,,,
CCTV4_NEWS3_CMN_20060217_075800_447_833.qrtr-62-1,CCTV4_NEWS3_CMN_20060217_075800_447_833.qrtr,62,HITInput,They do n't take this organization as a really crucial factor .,"As for the group , uh , they are not regarding it as an especially key aspect .",they do n't take this organization a a really crucial factor .,"a for the group , uh , they be not regard it a an especially key aspect .",0.875,6,11-17 10-16 5-3 7-13 6-12 9-15,,,,,,,
urd-NG-102-174502-11516165-post13-5-0,urd-NG-102-174502-11516165-post13,5,HITInput,It does n't seem to be a period of colonization .,Colonial regime is apparently not seen .,it do n't seem to be a period of colonization .,colonial regime be apparently not see .,0.875,4,9-0 10-6,,,,,,,
chtb_324-10-14,chtb_324,10,HITInput,They have more indoor training at home .,`` They were used to practicing indoors in China .,they have more indoor training at home .,`` they be use to practice indoors in china .,0.875,2,3-6 7-9,,,,,,,
urd-WL-80-174265-7496746-18-3,urd-WL-80-174265-7496746,18,HITInput,High volume sounds of Naats ( poetic lines in praise of Prophet Mohammad ) were going on .,The Naat was being recited continuously in a deep voice .,high volume sound of naats ( poetic line in praise of prophet mohammad ) be go on .,the naat be be recite continuously in a deep voice .,0.875,7,4-1 2-9 17-10,,,,,,,
artb_500-5-42,artb_500,5,HITInput,He added : `` We have no likelyhood of being targeted by terrorism . '',"Despite that , there is not the slightest chance for terrorism .",he add : `` we have no likelyhood of be target by terrorism . '',"despite that , there be not the slight chance for terrorism .",0.875,3,12-10 13-11,,,,,,,
groups.google.com_goodarticles_f1009483f7a289df_CMN_20060208_091400-19-5,groups.google.com_goodarticles_f1009483f7a289df_CMN_20060208_091400,19,HITInput,But other analysts strongly disagree .,"However , there are also analysts who do n't think so .",but other analyst strongly disagree .,"however , there be also analyst who do n't think so .",0.875,6,5-11 2-5,,,,,,,
artb_S01-6-43,artb_S01,6,HITInput,She has a swelling because of a kidney disease .,The swelling is caused by a renal infection .,she have a swell because of a kidney disease .,the swelling be cause by a renal infection .,0.875,1,9-8 8-7 3-1 6-5 7-6,,,,,,,
chtb_324-10-5,chtb_324,10,HITInput,`` They train mostly indoors back in China .,They do much more training indoor at home .,`` they train mostly indoors back in china .,they do much more training indoor at home .,0.875,0,5-7 8-8 4-5 2-4,,,,,,,
groups.google.com_greenpartycn_6053475d4e68ca65_CMN_20060217_101400-18-3,groups.google.com_greenpartycn_6053475d4e68ca65_CMN_20060217_101400,18,HITInput,Qin Shihuang was an open tyranny and the Confucian Sage privately washed brains .,"While Qin Shi Huang persecuted openly , Confucius brainwashed under the table .",qin shihuang be an open tyranny and the confucian sage privately wash brain .,"while qin shi huang persecute openly , confucius brainwash under the table .",0.875,1,4-5 8-7 13-12 0-1,,,,,,,
urd-NG-102-174502-11516120-post214-5-0,urd-NG-102-174502-11516120-post214,5,HITInput,Hit on the head with full force and then do n't even let weep over it . Inflicting all-around abuse and wo n't let you complain either .,They beat us and we are n't even allowed to cry .,hit on the head with full force and then do n't even let weep over it . inflict all-around abuse and wo n't let you complain either .,they beat u and we be n't even allow to cry .,0.875,16,9-5 27-11 7-3 11-7 12-8 13-10 10-6 0-1,,,,,,,
cmn-NG-4-76721-7410847-13-4,cmn-NG-4-76721-7410847,13,HITInput,`` How can I make myself so happy again ? '',"What will be able to make me experience , once again , the happiness of yore ?",`` how can i make myself so happy again ? '',"what will be able to make me experience , once again , the happiness of yore ?",0.875,6,7-13 4-5,,,,,,,
DEW_URD_20090106.0006-14-2,DEW_URD_20090106.0006,14,HITInput,"However , both Foreign Ministers are making different statements about the war in the Middle East .",It is a particularly delicate situation because Kouchner and Schwarzenberg take very different public stances on the Mideast conflict .,"however , both foreign minister be make different statement about the war in the middle east .",it be a particularly delicate situation because kouchner and schwarzenberg take very different public stance on the mideast conflict .,0.875,3,6-10 10-16 11-18 7-12 15-17 16-19,,,,,,,
urd-WL-80-174265-7496746-26-5,urd-WL-80-174265-7496746,26,HITInput,Do we have to learn from the Prophet alone about how to handle such things ?,Does the way of the Holy Prophet not teach us the same lessons .,do we have to learn from the prophet alone about how to handle such thing ?,do the way of the holy prophet not teach u the same lesson .,0.875,2,4-8 6-4 7-6,,,,,,,
groups.google.com_kholoudalrouh_c53489b6b668d438_ARB_20060217_083000-127-4,groups.google.com_kholoudalrouh_c53489b6b668d438_ARB_20060217_083000,127,HITInput,.. Only twice on her knees .. to intercede for her ..,"Just two , that would intervene for her ...",.. only twice on her knee .. to intercede for her ..,"just two , that would intervene for her ...",0.875,3,12-7 11-6 10-5,,,,,,,
VOM19981122_0900_1102-5-8,VOM19981122_0900_1102,5,HITInput,"So far , their whereabouts are unknown .",At the present time nobody know where they are .,"so far , their whereabouts be unknown .",at the present time nobody know where they be .,0.875,2,7-9,,,,,,,
artb_500-5-29,artb_500,5,HITInput,In spite of this we do not have the slightest chance of terrorism occurring .,"There 's very little possibility of terrorism happening here , nonetheless '' .",in spite of this we do not have the slight chance of terrorism occur .,"there 's very little possibility of terrorism happen here , nonetheless '' .",0.875,2,9-3 10-4 11-5 13-7 12-6 14-12,,,,,,,
GMW_CMN_20070712.0030-9-2,GMW_CMN_20070712.0030,9,HITInput,"There are more scenarios of this kind after you go through the gate , which completely ruins even your best mood .","The situation increases once one enters the door . No matter how bright one 's mood is , it will still be spoiled and one will feel insipid .","there be more scenario of this kind after you go through the gate , which completely ruin even your best mood .","the situation increase once one enter the door . no matter how bright one 's mood be , it will still be spoil and one will feel insipid .",0.875,7,9-5 17-20 7-3 16-22 3-1 19-12 11-6 20-15 12-7 21-28,,,,,,,
cmn-WL-8-89514-7839502-13-4,cmn-WL-8-89514-7839502,13,HITInput,These people are people with true temperament in general . Their likes and dislikes are real .,"Generally , they are honest and straightforward . If they like a person , they say so outright . If they dislike one , they also admit it .",these people be people with true temperament in general . their like and dislike be real .,"generally , they be honest and straightforward . if they like a person , they say so outright . if they dislike one , they also admit it .",0.8275862068965517,12,16-28 11-10 13-21 10-9 1-12 8-0,,,,,,,
cmn-WL-8-89514-7839502-13-0,cmn-WL-8-89514-7839502,13,HITInput,"These people are usually straightforward people . If they like someone , they like someone , if they do n't like someone , they do n't like them .",These people are people with true temperament in general . Their likes and dislikes are real .,"these people be usually straightforward people . if they like someone , they like someone , if they do n't like someone , they do n't like them .",these people be people with true temperament in general . their like and dislike be real .,0.782608695652174,12,2-2 0-0 5-3 1-1 8-10 9-11 28-16,,,,,,,
ZBN19981216_0054-12-34,ZBN19981216_0054,12,HITInput,One officer of South Korea National Security Bureau said that Kim Fuki and Park Dong Il were currently being detained by the authorities to gather more details .,One Korean Security Official said that Kim Fuji and Pu Dong were taken for questioning .,one officer of south korea national security bureau say that kim fuki and park dong il be currently be detain by the authority to gather more detail .,one korean security official say that kim fuji and pu dong be take for question .,0.7352941176470589,12,27-15 9-5 4-1 1-3 16-11 14-10 8-4 0-0 6-2 10-6,,,,,,,
XIN20030223_ARB_0134-5-4,XIN20030223_ARB_0134,5,HITInput,"It should be noted that the exchanges between the two sides , which have focused on group visits and academic research , have increased .",The increasing number of exchanges focused on group visits and academic research .,"it should be note that the exchange between the two side , which have focus on group visit and academic research , have increase .",the increase number of exchange focus on group visit and academic research .,0.5416666666666667,12,24-12 19-10 15-6 20-11 23-1 16-7 18-9 14-5 6-4 17-8,,,,,,,
ZBN19981119_0059-4-9,ZBN19981119_0059,4,HITInput,"In 1975 , Indonesia invaded East Timor , the former colony of Portugal , and annexed East Timor into Indonesia 's territory a few weeks later .",Indonesia invaded the Portuguese colony in 1975 and annexed East Timor after several weeks .,"in 1975 , indonesia invade east timor , the former colony of portugal , and annex east timor into indonesia 's territory a few week later .",indonesia invade the portuguese colony in 1975 and annex east timor after several week .,0.52,12,15-8 14-7 24-13 4-1 3-0 26-14 8-2 1-6 17-10 16-9 10-4 12-3 0-5,,,,,,,
urd-WL-80-174265-7519426-4-3,urd-WL-80-174265-7519426,4,HITInput,"Same doubt was about Ardaan Ali Reda , a member of Urdu Mehfil .","I had the same view in my head when I found out the name of Arzan Ali Raza , another member of the Urdu meeting .","same doubt be about ardaan ali reda , a member of urdu mehfil .","i have the same view in my head when i find out the name of arzan ali raza , another member of the urdu meeting .",0.7586206896551724,12,5-16 6-17 10-21 11-23 9-20 7-18 13-25,,,,,,,
XIN20020328.0091-8-2,XIN20020328.0091,8,HITInput,"Wu Dawei , Chinese ambassador to Japan , attended the signing ceremony for the currency exchange agreement between People 's Bank of China and Bank of Japan .",Chinese ambassador to Japan Wu Dawei was present at the signing ceremony of this agreement .,"wu dawei , chinese ambassador to japan , attend the signing ceremony for the currency exchange agreement between people 's bank of china and bank of japan .",chinese ambassador to japan wu dawei be present at the sign ceremony of this agreement .,0.6071428571428572,12,0-4 4-1 10-10 11-11 27-15 9-9 5-2 1-5 3-0 16-14 8-7 6-3,,,,,,,
chtb_232-10-39,chtb_232,10,HITInput,The discoveries also provide new clues for seeking more dinosaur fossils .,Finding the fossils of dinosaur skeletons also provided an important clue in the areas of region and the burying principle for finding dinosaurs .,the discovery also provide new clue for seek more dinosaur fossil .,find the fossil of dinosaur skeleton also provide an important clue in the area of region and the burying principle for find dinosaur .,0.6521739130434783,12,5-10 2-6 9-4 3-7 7-0 1-21 11-23 10-2,,,,,,,
ZBN19981216_0054-12-41,ZBN19981216_0054,12,HITInput,An official of the National Security Planning Bureau said that Jin Fuji and Piao Dongyi now were still detained by the authorities to be asked some questions .,One Korean Security Official said that Kim Fuji and Pu Dong were taken for questioning .,an official of the national security planning bureau say that jin fuji and piao dongyi now be still detain by the authority to be ask some question .,one korean security official say that kim fuji and pu dong be take for question .,0.7272727272727273,12,27-15 9-5 5-2 1-3 11-7 26-14 12-8 8-4 10-6,,,,,,,
urd-WL-12-174261-7433644-4-5,urd-WL-12-174261-7433644,4,HITInput,There are also many works in the public interest that need no funding .,There are also a lot of activities that can be done for the general good that do not require money to be spent on them .,there be also many work in the public interest that need no funding .,there be also a lot of activity that can be do for the general good that do not require money to be spend on them .,0.8,12,2-2 6-12 0-0 4-6 1-1 10-18 3-4 7-13 12-19 13-25 9-15,,,,,,,
ZBN19981213_0043-7-44,ZBN19981213_0043,7,HITInput,Pfizer are considering whether to do any advertisement where Viagra is directly mentioned .,"Pfizer Company is thinking over whether any other advertisements in which the product 's name , Viagra , is mentioned directly , will be needed .",pfizer be consider whether to do any advertisement where viagra be directly mention .,"pfizer company be think over whether any other advertisement in which the product 's name , viagra , be mention directly , will be need .",0.6538461538461539,12,2-3 7-8 0-0 5-18 3-5 1-2 11-20 12-19 13-25 6-6 9-16,,,,,,,
chtb_232-10-40,chtb_232,10,HITInput,The discoveries also provide new clues for seeking more dinosaur fossils .,The discovery of dinosaur skeleton fossils also provides an important clue for further search of dinisaur fossils according to region and hiding laws .,the discovery also provide new clue for seek more dinosaur fossil .,the discovery of dinosaur skeleton fossil also provide an important clue for further search of dinisaur fossil accord to region and hiding law .,0.64,12,5-10 9-3 2-6 6-11 1-1 7-13 11-23 3-7 0-0 10-5,,,,,,,
chtb_232-10-26,chtb_232,10,HITInput,And the finding of dinosaur bone fossils will provide important clues for searching the geographical location and burying rules of the dinosaur fossils .,The discoveries also provide new clues for seeking more dinosaur fossils .,and the finding of dinosaur bone fossil will provide important clue for search the geographical location and burying rule of the dinosaur fossil .,the discovery also provide new clue for seek more dinosaur fossil .,0.6956521739130435,12,22-10 1-0 23-11 11-6 21-9 12-7 2-1 10-5 8-3,,,,,,,
chtb_232-10-31,chtb_232,10,HITInput,The discovery of these dinosaur fossils also provides an important clue to aid in further fossil excavations and burying order in the region .,The discoveries also provide new clues for seeking more dinosaur fossils .,the discovery of these dinosaur fossil also provide an important clue to aid in further fossil excavation and bury order in the region .,the discovery also provide new clue for seek more dinosaur fossil .,0.6799999999999999,12,7-3 0-0 5-10 1-1 4-9 23-11 6-2 10-5,,,,,,,
XIN20030223_ARB_0134-5-4,XIN20030223_ARB_0134,5,HITInput,"It should be noted that the exchanges between the two sides , which have focused on group visits and academic research , have increased .",The increasing number of exchanges focused on group visits and academic research .,"it should be note that the exchange between the two side , which have focus on group visit and academic research , have increase .",the increase number of exchange focus on group visit and academic research .,0.5416666666666667,12,24-12 19-10 15-6 20-11 23-1 16-7 18-9 14-5 6-4 17-8,,,,,,,
artb_557-2-32,artb_557,2,HITInput,London October 9/XinhuaCouncil of British Muslims denounced today US-led air strikes against Afghanistan .,"London , October 9th /Chinkhwa/ The Muslim Council of Britain announced today their opposition to the air strikes led by the United States against Afghanistan .",london october 9/xinhuacouncil of british muslim denounce today us-led air strike against afghanistan .,"london , october 9th /chinkhwa/ the muslim council of britain announce today their opposition to the air strike lead by the united state against afghanistan .",0.6428571428571428,12,1-2 0-0 11-25 10-19 7-13 13-27 5-8 4-11 9-18 3-10 12-26,,,,,,,
VOA_URD_20070725.0007-11-4,VOA_URD_20070725.0007,11,HITInput,"Hence , such parents should get their children treated against such symptoms as soon as possible so that they can be saved from allergy in future .",These parents should treat their children early to prevent its impact in the future .,"hence , such parent should get their child treat against such symptom as soon a possible so that they can be save from allergy in future .",these parent should treat their child early to prevent it impact in the future .,0.7575757575757576,12,25-13 4-2 24-11 2-0 7-5 26-14 3-1 13-6 6-4 8-3,,,,,,,
artb_547-8-39,artb_547,8,HITInput,Israeli fources withdrew from southern Lebanon after a 22-year occupation .,It is worth pointing out that the Israeli forces withdrew from south Lebanon after an occupation that had lasted for 22 years .,israeli fources withdraw from southern lebanon after a 22-year occupation .,it be worth point out that the israeli force withdraw from south lebanon after an occupation that have last for 22 year .,0.7307692307692308,12,8-21 8-20 4-11 2-9 6-13 10-22 0-7 7-14 3-10 9-15 5-12,,,,,,,
VOA_URD_20070725.0007-11-3,VOA_URD_20070725.0007,11,HITInput,"Hence , such parents should get their children treated against such symptoms as soon as possible so that they can be saved from allergy in future .",These parents should treat their children early to prevent its impact in the future .,"hence , such parent should get their child treat against such symptom as soon a possible so that they can be save from allergy in future .",these parent should treat their child early to prevent it impact in the future .,0.7575757575757576,12,25-13 4-2 24-11 2-0 7-5 26-14 3-1 13-6 6-4 8-3,,,,,,,
XIN20030222.0042-7-3,XIN20030222.0042,7,HITInput,"The country , one the world-renowned scenic spots for tourists , has the scenery of blue sea and clear sky as well as a warm Mediterranean Sea climate .",Its ocean and blue-sky scenery and the Mediterranean climate make it world 's famous scenic spot .,"the country , one the world-renowned scenic spot for tourist , have the scenery of blue sea and clear sky as well a a warm mediterranean sea climate .",it ocean and blue-sky scenery and the mediterranean climate make it world 's famous scenic spot .,0.7419354838709677,12,5-11 6-14 7-15 26-1 27-8 13-4 28-16 15-3 25-7,,,,,,,
arb-NG-2-76511-7419693-8-4,arb-NG-2-76511-7419693,8,HITInput,"Why does Aramco donate the amount of 8,000 dollars to a Texas television station ?","It also prohibits questioning people or obtaining confessions from them by any means whatsoever , and whoever in the Authority breaches this shall be immediately suspended .","why do aramco donate the amount of 8,000 dollar to a texas television station ?","it also prohibit question people or obtain confession from them by any mean whatsoever , and whoever in the authority breach this shall be immediately suspend .",0.975609756097561,12,,,,,,,,
artb_557-2-11,artb_557,2,HITInput,"London , October 9 /Xinhua/ British Muslim Council , today , expressed its opposition to the air strikes led by the United States against Afghanistan .",London October 9/XinhuaCouncil of British Muslims denounced today US-led air strikes against Afghanistan .,"london , october 9 /xinhua/ british muslim council , today , express it opposition to the air strike lead by the united state against afghanistan .",london october 9/xinhuacouncil of british muslim denounce today us-led air strike against afghanistan .,0.6296296296296297,12,25-11 0-0 27-13 19-10 7-4 11-7 2-1 26-12 18-9 8-5,,,,,,,
chtb_023-8-36,chtb_023,8,HITInput,"Currently , Fujian Province has already produced a profusion of village and township enterprises and groups of comparatively high scientific caliber and relatively adequate development staying power .","Nowadays , there appeared a lot of enterprise groups with high technology and strong stamina .","currently , fujian province have already produce a profusion of village and township enterprise and group of comparatively high scientific caliber and relatively adequate development stay power .","nowadays , there appear a lot of enterprise group with high technology and strong stamen .",0.7575757575757576,12,27-15 0-0 15-8 1-1 18-10 13-7 26-13,,,,,,,
artb_557-2-34,artb_557,2,HITInput,London October 9/XinhuaCouncil of British Muslims denounced today US-led air strikes against Afghanistan .,London 9 October / Xingua / The British Islamic Council declared today its opposition to the air strikes led by the United States against Afghanistan .,london october 9/xinhuacouncil of british muslim denounce today us-led air strike against afghanistan .,london 9 october / xingua / the british islamic council declare today it opposition to the air strike lead by the united state against afghanistan .,0.6785714285714286,12,0-0 10-17 4-7 1-2 5-8 7-11 11-23 13-25 12-24 9-16,,,,,,,
chtb_023-8-21,chtb_023,8,HITInput,"At present , a batch of township enterprises or group of enterprises with higher technology content and better development potential have already emerged in the Fujian province .","Nowadays , there appeared a lot of enterprise groups with high technology and strong stamina .","at present , a batch of township enterprise or group of enterprise with high technology content and good development potential have already emerge in the fujian province .","nowadays , there appear a lot of enterprise group with high technology and strong stamen .",0.6875,12,17-13 27-15 3-4 4-5 9-8 12-9 16-12 11-7 22-3 13-10 10-6 14-11,,,,,,,
ASB_ARB_20060217.0003-24-0,ASB_ARB_20060217.0003,24,HITInput,STEG 's development on all levels has brought it national and international acclaim .,"Particularly , the STEG has experienced progress at all levels , which made it a pioneer and a star at the national and international levels .",steg 's development on all level have bring it national and international acclaim .,"particularly , the steg have experience progress at all level , which make it a pioneer and a star at the national and international level .",0.64,12,2-6 0-3 4-8 5-9 10-22 7-12 11-23 9-21 8-13 6-4 13-25,,,,,,,
chtb_023-8-14,chtb_023,8,HITInput,"At present , there have emerged in Fujian Province a number of township enterprises or township enterprises groups with relatively high technology-content products and greater growth potential .","Nowadays , there appeared a lot of enterprise groups with high technology and strong stamina .","at present , there have emerge in fujian province a number of township enterprise or township enterprise group with relatively high technology-content product and great growth potential .","nowadays , there appear a lot of enterprise group with high technology and strong stamen .",0.6875,12,27-15 2-1 9-4 5-3 3-2 20-10 24-13 11-6 16-7 18-9 21-11 23-12 10-5 17-8,,,,,,,
chtb_023-8-27,chtb_023,8,HITInput,"Recently , a number of village and township enterprises or enterprise groups with higher science and technology and of sustainable development have been mushroomed in Fujian province .","Nowadays , there appeared a lot of enterprise groups with high technology and strong stamina .","recently , a number of village and township enterprise or enterprise group with high science and technology and of sustainable development have be mushroom in fujian province .","nowadays , there appear a lot of enterprise group with high technology and strong stamen .",0.6666666666666667,12,27-15 4-6 2-4 17-12 3-5 12-9 16-11 13-10 11-8 10-7,,,,,,,
groups.google.com_ritaj_3d2ba2725d890f0b_ARB_20060213_102000-26-0,groups.google.com_ritaj_3d2ba2725d890f0b_ARB_20060213_102000,26,HITInput,"From the menu , select Options then recorder then Source then Line-in .","From the upper menu chose in succession `` options '' , then `` recorder '' , then `` source '' then `` in-line . ''","from the menu , select option then recorder then source then line-in .","from the upper menu chose in succession `` option '' , then `` recorder '' , then `` source '' then `` in-line . ''",0.5,12,2-3 4-4 1-1 7-13 5-8 9-18 0-0 12-23,,,,,,,
chtb_305-8-19,chtb_305,8,HITInput,He thought the documents just signed are important for good-neighborliness and friendly cooperation .,He felt that the documents that both parties just signed are very important in strengthening the good-neighborly relations and friendly cooperation between the two countries .,he think the document just sign be important for good-neighborliness and friendly cooperation .,he felt that the document that both party just sign be very important in strengthen the good-neighborly relation and friendly cooperation between the two country .,0.5769230769230769,12,6-10 2-3 0-0 4-8 11-19 10-18 3-4 5-9 7-12 13-25 1-1 9-16 12-20,,,,,,,
ZBN19981213_0043-7-43,ZBN19981213_0043,7,HITInput,Hui Rui was considering whether to make some ads directly mentioning Wei Ge .,"Pfizer Company is thinking over whether any other advertisements in which the product 's name , Viagra , is mentioned directly , will be needed .",hui rui be consider whether to make some ad directly mention wei ge .,"pfizer company be think over whether any other advertisement in which the product 's name , viagra , be mention directly , will be need .",0.8387096774193549,12,2-2 4-5 10-19 3-3 13-25 9-20 8-8,,,,,,,
chtb_305-8-13,chtb_305,8,HITInput,"In his opinion , the documents signed by the two parties are of great importance to strengthening the good neighborly relations and friendly cooperation between the two countries .",He deemed the just signed documents highly important to strengthen the good neighborliness and friendly cooperation .,"in his opinion , the document sign by the two party be of great importance to strengthen the good neighborly relation and friendly cooperation between the two country .",he deem the just sign document highly important to strengthen the good neighborliness and friendly cooperation .,0.6774193548387097,12,5-5 15-8 17-10 22-14 18-11 14-7 23-15 13-6 6-4 16-9 21-13 28-16,,,,,,,
chtb_149-3-44,chtb_149,3,HITInput,"Among which , exportations $ 30.88 billion , importations 29.18 billion .","Of which , the amount of exports reached 30.8 billion US dollars , and the amount of imports reached 29.18 billion US dollars .","among which , exportations $ 30.88 billion , importation 29.18 billion .","of which , the amount of export reach 30.8 billion u dollar , and the amount of import reach 29.18 billion u dollar .",0.75,12,2-2 4-11 1-1 8-17 10-20 3-6 9-19 6-9 11-23,,,,,,,
artb_044-5-34,artb_044,5,HITInput,The committee appealed to countries responsible for international security and peacekeeping to offer the necessary support .,The committee called upon `` the countries that bear a particular responsibility for preserving international peace and security to offer the necessary help needed in this respect '' .,the committee appeal to country responsible for international security and peacekeeping to offer the necessary support .,the committee call upon `` the country that bear a particular responsibility for preserve international peace and security to offer the necessary help need in this respect '' .,0.6451612903225806,12,2-2 16-28 6-12 0-0 4-6 10-15 1-1 8-17 13-20 7-14 11-18 12-19 5-11 14-21 15-22,,,,,,,
groups.google.com_LNTS_14974749cb4b6f49_CMN_20060216_084900-4-5,groups.google.com_LNTS_14974749cb4b6f49_CMN_20060216_084900,4,HITInput,Luneng Taishan is getting combat-ready for the new season with the championship in mind .,"The Luneng Taishan ( of Shandong Province ) soccer team is getting ready for the next season , preparing to make another advance for the championship .",luneng taishan be get combat-ready for the new season with the championship in mind .,"the luneng taishan ( of shandong province ) soccer team be get ready for the next season , prepare to make another advance for the championship .",0.6896551724137931,12,5-13 10-24 6-14 0-1 8-16 11-25 1-2 4-12 3-11 2-10 14-26,,,,,,,
VOM19981230_0700_0515-2-34,VOM19981230_0700_0515,2,HITInput,Senate Majority leader Lott said the senate delivered an impartial judgment based on the available evidence .,"The leader of the House of Representatives Rote expressed that , the House of Representatives will be able to conduct a fair trail based on the current evidence .",senate majority leader lott say the senate deliver an impartial judgment base on the available evidence .,"the leader of the house of representative rote express that , the house of representative will be able to conduct a fair trail base on the current evidence .",0.8064516129032258,12,16-28 2-1 4-8 13-25 8-20 9-21 12-24 11-23 15-27,,,,,,,
artb_044-5-11,artb_044,5,HITInput,The Committee appealed to `` the countries that hold a special responsibility in preserving international peace and security to provide the necessary assistance required by this matter . '',The committee appealed to countries responsible for international security and peacekeeping to offer the necessary support .,the committee appeal to `` the country that hold a special responsibility in preserve international peace and security to provide the necessary assistance require by this matter . '',the committee appeal to country responsible for international security and peacekeeping to offer the necessary support .,0.6774193548387097,12,2-2 27-16 0-0 22-15 1-1 18-11 3-3 19-12 11-5 15-10 20-13 21-14 14-7 6-4 17-8,,,,,,,
ZBN19981026_0045-3-43,ZBN19981026_0045,3,HITInput,"The reinforcing-bar building had 25 stores , and plastic timing explosives destroyed it .",This 25 floor building was built with reinforcing steel bars . It was the highest building that was ever dynamited with the positioned shaped charges .,"the reinforcing-bar building have 25 store , and plastic timing explosives destroy it .",this 25 floor building be build with reinforce steel bar . it be the high building that be ever dynamite with the position shape charge .,0.8275862068965517,12,4-1 2-15 1-9 0-13 13-25,,,,,,,
groups.yahoo.com_Yamuslim_9260_ARB_20060210_130300-9-5,groups.yahoo.com_Yamuslim_9260_ARB_20060210_130300,9,HITInput,"Abu Bakr says , `` The prophet ( God bless Him and grant Him salvation ) drank until my thirst was quenched . ''",Abu Bakr says : The Prophet drank until I was satiated .,"abu bakr say , `` the prophet ( god bless him and grant him salvation ) drank until my thirst be quench . ''",abu bakr say : the prophet drank until i be satiate .,0.6538461538461539,12,2-2 5-4 22-11 0-0 1-1 17-7 20-9 16-6 6-5,,,,,,,
ZBN19981026_0045-3-27,ZBN19981026_0045,3,HITInput,This reinforced steel bar framed building was 25 storied tall . It was one of the tallest buildings destroyed by directional blast of plastic explosive .,"The reinforcing-bar building had 25 stores , and plastic timing explosives destroyed it .",this reinforce steel bar frame building be 25 storied tall . it be one of the tall building destroy by directional blast of plastic explosive .,"the reinforcing-bar building have 25 store , and plastic timing explosives destroy it .",0.75,12,25-13 24-10 15-0 18-11 3-1 7-4 17-2 23-8,,,,,,,
chtb_150-4-39,chtb_150,4,HITInput,Guangxi imported large amount of foreign funds for resolving capital insufficiency and deepening open up .,"In order to solve the problem of inadequate funds , and to widen the level of open policy , Guangxi devoted major efforts to introducing foreign capital .",guangxi import large amount of foreign fund for resolve capital insufficiency and deepen open up .,"in order to solve the problem of inadequate fund , and to widen the level of open policy , guangxi devote major effort to introduce foreign capital .",0.7419354838709677,12,10-7 9-8 4-15 0-19 13-16 8-3 3-14 6-26 2-21 5-25 15-27,,,,,,,
PHOENIX_GOODMORNCN_CMN_20060213_185800_1506_1664.qrtr-10-4,PHOENIX_GOODMORNCN_CMN_20060213_185800_1506_1664.qrtr,10,HITInput,This is to prevent dangerous figures from entering Japan and to avoid illegal immigrants .,"It is doing so in order to prevent certain unsafe elements from entering Japan . It is also intended to prevent , uh , illegal immigration .",this be to prevent dangerous figure from enter japan and to avoid illegal immigrant .,"it be do so in order to prevent certain unsafe element from enter japan . it be also intend to prevent , uh , illegal immigration .",0.7037037037037037,12,6-11 1-2 2-6 5-10 3-7 4-9 10-19 11-20 8-13 7-12 12-24 13-25 14-26,,,,,,,
chtb_150-4-26,chtb_150,4,HITInput,"In order to solve the problem of insufficient fund , and open wider to the outside world , Guangxi strengthened its introduction and utilization of foreign capitals .",Guangxi imported large amount of foreign funds for resolving capital insufficiency and deepening open up .,"in order to solve the problem of insufficient fund , and open wider to the outside world , guangxi strengthen it introduction and utilization of foreign capital .",guangxi import large amount of foreign fund for resolve capital insufficiency and deepen open up .,0.7419354838709677,12,27-15 11-13 3-8 7-10 18-0 24-4 26-6 19-12 25-5 8-9,,,,,,,
urd-WL-90-174283-7720336-24-5,urd-WL-90-174283-7720336,24,HITInput,This problem remains a struggle for devotees over what the democracy will be named .,There is also the issue of what would be gained from all of these efforts and sacrifices by those acting in the name of the democracy .,this problem remain a struggle for devotee over what the democracy will be name .,there be also the issue of what would be gain from all of these effort and sacrifice by those act in the name of the democracy .,0.8064516129032258,12,9-24 13-22 10-25 14-26 1-4,,,,,,,
urd-WL-86-174276-7483885-5-0,urd-WL-86-174276-7483885,5,HITInput,WADA had filed a suit against their exoneration .,WADA had filed an petition with the International Court of Justice against the freedom of Shoib Akhtar and Mohammad Asif .,wada have file a suit against their exoneration .,wada have file an petition with the international court of justice against the freedom of shoib akhtar and mohammad asif .,0.782608695652174,12,1-1 2-2 8-20 0-0 3-3,,,,,,,
AFC20040116.0007-8-3,AFC20040116.0007,8,HITInput,"Japan last saw such surplus in the year ending in the end of March 1992 , when the surplus situation for six consecutive years came to an end .",The last such surplus occurred in the year before March 1992 . The 6-year-long surplus ended thence .,"japan last saw such surplus in the year end in the end of march 1992 , when the surplus situation for six consecutive year come to an end .",the last such surplus occur in the year before march 1992 . the 6-year-long surplus end thence .,0.6153846153846154,11,5-5 4-3 1-1 7-13 8-15 7-7 3-2 18-14 24-4 14-10 6-6 13-9 28-17,,,,,,,
ZBN20040222.005-3-4,ZBN20040222.005,3,HITInput,The scandal has been widely reported in the Chinese media and has afforded general satisfaction .,"The Chinese domestic media , big and small , vied with one another in reporting or reprinting this scandal to the great gratification of the general public .",the scandal have be widely report in the chinese medium and have afford general satisfaction .,"the chinese domestic medium , big and small , vie with one another in reporting or reprint this scandal to the great gratification of the general public .",0.7419354838709677,12,9-3 5-14 7-0 13-25 14-22 1-18 8-1 15-27,,,,,,,
chtb_098-4-0,chtb_098,4,HITInput,Fujian is among the most rapidly developing areas in coastal China .,Fujian is one of the coastal regions in China that have enjoyed the fastest growth in economic and trade activities with foreign countries .,fujian be among the most rapidly develop area in coastal china .,fujian be one of the coastal region in china that have enjoy the fast growth in economic and trade activity with foreign country .,0.7407407407407407,12,5-13 9-5 1-1 7-6 11-23 10-8 0-0 8-7,,,,,,,
ZBN20040219.001-9-0,ZBN20040219.001,9,HITInput,"Similarly , China is also situated in a very special period of time when it is experiencing a high economic growth and a major transition in the society .",China is now within the same special period that sees fast economic growth and social transformation .,"similarly , china be also situate in a very special period of time when it be experience a high economic growth and a major transition in the society .",china be now within the same special period that see fast economic growth and social transformation .,0.7272727272727273,12,24-15 27-14 2-0 16-9 9-6 19-11 3-1 20-12 8-5 10-7 21-13 28-16,,,,,,,
artb_013-6-41,artb_013,6,HITInput,Syrian-Israeli peace talks have been frozen since January 10 .,It should be pointed out that the peace negotiations between Syria and Israel have been frozen since the tenth of January .,syrian-israeli peace talk have be freeze since january 10 .,it should be point out that the peace negotiation between syria and israel have be freeze since the tenth of january .,0.6956521739130435,12,5-15 8-18 6-16 2-8 1-7 3-13 9-21 4-14 7-20,,,,,,,
ZBN19981102_0111-8-4,ZBN19981102_0111,8,HITInput,"However , Indonesian Commander-in-chief Wiranto rebuffed it as a `` lie '' .","However , General Wiranto , commander-in-chief of Indonesia 's armed forces , said that the number of 17,000 troops is `` a lie . ''","however , indonesian commander-in-chief wiranto rebuff it a a `` lie '' .","however , general wiranto , commander-in-chief of indonesia 's armed force , say that the number of 17,000 troop be `` a lie . ''",0.64,12,8-21 4-3 0-0 2-7 1-1 3-5 10-22 11-24 9-20 12-23,,,,,,,
BBC_URD_20090120.0023-4-2,BBC_URD_20090120.0023,4,HITInput,"Meanwhile , preparations are being made in Washington for an unprecedented gathering on the occasion of the new president 's oath-taking ceremony on Tuesday .",Washington is bracing itself for unprecedented crowds arriving for Tuesday 's inauguration .,"meanwhile , preparation be be make in washington for an unprecedented gathering on the occasion of the new president 's oath-taking ceremony on tuesday .",washington be brace itself for unprecedented crowd arrive for tuesday 's inauguration .,0.7407407407407407,12,24-12 7-0 11-6 8-4 23-9 10-5,,,,,,,
cmn-WL-8-89514-7839535-19-4,cmn-WL-8-89514-7839535,19,HITInput,It has been done and I accept the setback .,"When it is done , it is done . When you fall on your face , resign yourself to the mishap .",it have be do and i accept the setback .,"when it be do , it be do . when you fall on your face , resign yourself to the mishap .",0.7619047619047619,12,2-2 8-20 3-3 9-21 7-19,,,,,,,
BBC_URD_20090103.0008-4-2,BBC_URD_20090103.0008,4,HITInput,"This research has proven wrong the old saying that `` while suffering from fever , it is better to abstain from eating . ''",The research has disproven the `` starve a fever '' adage .,"this research have prove wrong the old saying that `` while suffer from fever , it be well to abstain from eat . ''",the research have disproven the `` starve a fever '' adage .,0.7407407407407407,12,2-2 22-11 23-9 9-5 1-1 7-10 13-8,,,,,,,
ZBN19981102_0111-8-1,ZBN19981102_0111,8,HITInput,"However , Indonesian Commander-in-chief Wiranto rebuffed it as a `` lie '' .","However , the commander-in-chief of Indonesian armed force , General Wiranto , said that the number of seventeen thousand is a `` lie '' .","however , indonesian commander-in-chief wiranto rebuff it a a `` lie '' .","however , the commander-in-chief of indonesian arm force , general wiranto , say that the number of seventeen thousand be a `` lie '' .",0.5652173913043479,12,8-20 0-0 2-5 1-1 3-3 10-22 11-23 4-10 9-21 12-24,,,,,,,
urd-NG-102-174502-11516161-post53-10-5,urd-NG-102-174502-11516161-post53,10,HITInput,"The truth is that we are the first Islamic nuclear state in the world . Why do we enjoy this status , is the bone of contention .","Actually , we are the first Islamic nuclear state . That is the main conflict .","the truth be that we be the first islamic nuclear state in the world . why do we enjoy this status , be the bone of contention .","actually , we be the first islamic nuclear state . that be the main conflict .",0.5833333333333333,12,27-15 4-2 9-7 5-3 22-11 7-5 10-8 23-12 8-6 6-4,,,,,,,
urd-NG-102-174502-11516161-post69-2-4,urd-NG-102-174502-11516161-post69,2,HITInput,"In a similar way , the terrorists should be eliminated regardless of whatever region they belong to ; whether they are Pakistanis , Indians , Americans or Israelis .","All such terrorists should be finished whether they are Pakistanis , Indians , Americans or Israelis .","in a similar way , the terrorist should be eliminate regardless of whatever region they belong to ; whether they be pakistanis , indian , american or israeli .","all such terrorist should be finish whether they be pakistanis , indian , american or israeli .",0.5714285714285714,12,20-8 22-10 5-1 27-15 24-12 7-3 19-7 23-11 25-13 26-14 21-9 18-6 8-4 6-2 28-16,,,,,,,
VOM19981219_0700_1548-5-13,VOM19981219_0700_1548,5,HITInput,"This year 's figure could have been even lower , if it had n't been for the strong economic performance in the first half of the year .",The figure will be much lower without a strong economic growth in the first half-year .,"this year 's figure could have be even low , if it have n't be for the strong economic performance in the first half of the year .",the figure will be much low without a strong economic growth in the first half-year .,0.6896551724137931,12,22-13 27-15 3-1 20-11 23-14 8-5 18-9 21-12 6-3 17-8,,,,,,,
artb_557-2-33,artb_557,2,HITInput,London October 9/XinhuaCouncil of British Muslims denounced today US-led air strikes against Afghanistan .,London 9 October / Chinkhoi / Britain 's Moslems Council declared today its opposition to the air strikes led by the United States against Afghanistan .,london october 9/xinhuacouncil of british muslim denounce today us-led air strike against afghanistan .,london 9 october / chinkhoi / britain 's moslem council declare today it opposition to the air strike lead by the united state against afghanistan .,0.7333333333333334,12,0-0 10-17 4-6 1-2 5-8 7-11 11-23 13-25 12-24 9-16,,,,,,,
artb_013-6-16,artb_013,6,HITInput,Syrian-Israeli peace negotiations have been frozen since January 10 .,It should be pointed out that the peace negotiations between Syria and Israel have been frozen since the tenth of January .,syrian-israeli peace negotiation have be freeze since january 10 .,it should be point out that the peace negotiation between syria and israel have be freeze since the tenth of january .,0.6363636363636364,12,5-15 8-18 6-16 2-8 1-7 3-13 9-21 4-14 7-20,,,,,,,
BBC_URD_20090120.0023-4-2,BBC_URD_20090120.0023,4,HITInput,"Meanwhile , preparations are being made in Washington for an unprecedented gathering on the occasion of the new president 's oath-taking ceremony on Tuesday .",Washington is bracing itself for unprecedented crowds arriving for Tuesday 's inauguration .,"meanwhile , preparation be be make in washington for an unprecedented gathering on the occasion of the new president 's oath-taking ceremony on tuesday .",washington be brace itself for unprecedented crowd arrive for tuesday 's inauguration .,0.7407407407407407,12,24-12 7-0 11-6 8-4 23-9 10-5,,,,,,,
